Workbook

Sheet Form Responses 1
A1: Dấu thời gian | B1: Zone của bạn (ghi đúng mẫu: Zone 1) | C1: Tên nhóm của bạn - ghi đúng mẫu: Nhóm 1 hoặc E1 (nếu trên bàn có ghi kí hiệu E1) | D1: Tên nhóm của nhóm được chấm - ghi đúng mẫu: Nhóm 1 hoặc E1 (nếu trên bàn có ghi kí hiệu E1) | E1: Tên dự án/chủ đề của nhóm được chấm | F1: Điểm bài toán và bối cảnh enterprise (Use case rõ, user rõ, dữ liệu và ràng buộc enterprise được mô tả hợp lý) | G1: Điểm kiến trúc triển khai (Chọn Cloud/On-prem/Hybrid có logic, giải thích được trade-off, phù hợp bối cảnh) | H1: Điểm Cost analysis (Bóc cost theo thành phần, có mức MVP và Growth, nhận diện hidden cost) | I1: Điểm Cost optimization (Chiến lược phù hợp, có lý do rõ, cân nhắc trade-off quality/cost) | J1: Điểm Reliability & Scaling (Có failure scenarios, fallback, monitoring, suy nghĩ về tải và độ ổn định) | K1: Điểm Định hướng Track Phase 2 (Chọn track có căn cứ, liên hệ với kỹ năng và nhu cầu dự án) | L1: Điểm Trình bày và phản biện (Trình bày rõ, đúng thời gian, trả lời câu hỏi có logic) | M1: 1 điểm mạnh nhất của đội (Viết ít nhất 1 câu cụ thể, nêu rõ phần nào ấn tượng nhất) | N1: 1 điểm cần cải thiện nhất Nêu rõ phần nào (deployment / cost / reliability / track) và lý do | O1: Câu hỏi hoặc phản biện dành cho đội Phải liên quan đến logic triển khai, cost hoặc reliability — không hỏi lại thông tin đã có trên slide | P1: Đề xuất nếu đội tiếp tục sang Phase 2 | Q1: Trao badge cho đội này | R1: Tong_diem | S1: Ten_nhom_duoc_cham_chuan | T1: Ten_nhom_cham_chuan | U1: Zone_chuan
A2: 46134.667 | B2: Zone 3 | C2: Nhóm 18 | D2: Nhóm 17 | E2: Manufacturing maintenance copilot | F2: 15 | G2: 20 | H2: 20 | I2: 15 | J2: 10 | L2: 5 | M2: Kĩ thuật tốt , tối ưu chi phí | N2: Triển khai thực tế còn khó khăn | O2: Cấu hình on-prem của nhóm là gì! | Q2: Best Cost Thinking | R2: =IF(A2="","",F2+G2+H2+I2+J2+L2) -> 85 | S2: =IFERROR(__xludf.dummyfunction("ARRAYFORMULA(IF(D2:D263="""", """", IFERROR(""NHÓM "" & MOD(VALUE(REGEXEXTRACT(D2:D263 & """", ""[0-9]+"")) - 1, 6) + 1, D2:D263)))"),"NHÓM 5") -> NHÓM 5 | T2: =IFERROR(__xludf.dummyfunction("ARRAYFORMULA(IF(C2:C263="""", """", IFERROR(""NHÓM "" & MOD(VALUE(REGEXEXTRACT(C2:C263 & """", ""[0-9]+"")) - 1, 6) + 1, C2:C263)))"),"NHÓM 6") -> NHÓM 6 | U2: =IFERROR(__xludf.dummyfunction("IF(B2="""","""",""Zone ""&IFERROR(VALUE(REGEXEXTRACT(TRIM(B2),""\d+"")),REGEXEXTRACT(TRIM(B2),""\d+"")))"),"Zone 3") -> Zone 3
A3: 46134.671 | B3: 3 | C3: 17 | D3: 18 | E3: Trợ lý y tế AI | F3: 15 | G3: 16 | H3: 16 | I3: 15 | J3: 10 | L3: 4 | M3: Trình bày nhanh gọn đầy đủ, giả định thực tế | N3: Cost to quá | O3: Giải quyết khoảng trống enterprise cụ thể ntn | R3: =IF(A3="","",F3+G3+H3+I3+J3+L3) -> 76 | S3: =IFERROR(__xludf.dummyfunction("""COMPUTED_VALUE"""),"NHÓM 6") -> NHÓM 6 | T3: =IFERROR(__xludf.dummyfunction("""COMPUTED_VALUE"""),"NHÓM 5") -> NHÓM 5 | U3: =IFERROR(__xludf.dummyfunction("IF(B3="""","""",""Zone ""&IFERROR(VALUE(REGEXEXTRACT(TRIM(B3),""\d+"")),REGEXEXTRACT(TRIM(B3),""\d+"")))"),"Zone 3") -> Zone 3
A4: 46134.671 | B4: Zone 4 | C4: Nhóm 22 | D4: Nhóm 34 | E4: Bank operation Copilot | F4: 15 | G4: 20 | H4: 20 | I4: 15 | J4: 10 | L4: 5 | M4: Xứ lý request khách hàng tốt | N4: Không | O4: Bên nhóm tính scale to hơn như nào | Q4: Best Enterprise Logic, Best Cost Thinking, Best Reliability Mindset, Best Track Recommendation, Best Critical Feedback | R4: =IF(A4="","",F4+G4+H4+I4+J4+L4) -> 85 | S4: =IFERROR(__xludf.dummyfunction("""COMPUTED_VALUE"""),"NHÓM 4") -> NHÓM 4 | T4: =IFERROR(__xludf.dummyfunction("""COMPUTED_VALUE"""),"NHÓM 4") -> NHÓM 4 | U4: =IFERROR(__xludf.dummyfunction("IF(B4="""","""",""Zone ""&IFERROR(VALUE(REGEXEXTRACT(TRIM(B4),""\d+"")),REGEXEXTRACT(TRIM(B4),""\d+"")))"),"Zone 4") -> Zone 4
A5: 46134.671 | B5: 4 | C5: Nhóm 34 | D5: Nhóm 22 | E5: University Admission & Students support Agent | F5: 15 | G5: 20 | H5: 20 | I5: 15 | J5: 10 | L5: 5 | M5: Tối ưu chi phí tốt | N5: Không | O5: Scale dự án như thế nào ? | Q5: Best Enterprise Logic, Best Cost Thinking, Best Reliability Mindset, Best Track Recommendation, Best Critical Feedback | R5: =IF(A5="","",F5+G5+H5+I5+J5+L5) -> 85 | S5: =IFERROR(__xludf.dummyfunction("""COMPUTED_VALUE"""),"NHÓM 4") -> NHÓM 4 | T5: =IFERROR(__xludf.dummyfunction("""COMPUTED_VALUE"""),"NHÓM 4") -> NHÓM 4 | U5: =IFERROR(__xludf.dummyfunction("IF(B5="""","""",""Zone ""&IFERROR(VALUE(REGEXEXTRACT(TRIM(B5),""\d+"")),REGEXEXTRACT(TRIM(B5),""\d+"")))"),"Zone 4") -> Zone 4
A6: 46134.674 | B6: Zone 4 | C6: Nhóm 21 | D6: Nhóm 20 | E6: Trợ lí ảo xanh SM | F6: 15 | G6: 20 | H6: 20 | I6: 12 | J6: 10 | L6: 4 | M6: Có phân tích, benmark cụ thể và chiến lược phát triển | N6: Deployment:UI/UX còn hơi đơn giản | O6: Làm sao PII hoàn chỉnh khi nộp form đăng kí tài xé | Q6: Best Enterprise Logic | R6: =IF(A6="","",F6+G6+H6+I6+J6+L6) -> 81 | S6: =IFERROR(__xludf.dummyfunction("""COMPUTED_VALUE"""),"NHÓM 2") -> NHÓM 2 | T6: =IFERROR(__xludf.dummyfunction("""COMPUTED_VALUE"""),"NHÓM 3") -> NHÓM 3 | U6: =IFERROR(__xludf.dummyfunction("IF(B6="""","""",""Zone ""&IFERROR(VALUE(REGEXEXTRACT(TRIM(B6),""\d+"")),REGEXEXTRACT(TRIM(B6),""\d+"")))"),"Zone 4") -> Zone 4
A7: 46134.674 | B7: Zone 4 | C7: Nhóm 19 | D7: Nhóm 22 | E7: Agent hỗ trợ hỏi đáp sinh viên | F7: 15 | G7: 16 | H7: 16 | I7: 15 | J7: 8 | L7: 4 | M7: Thuyết trình mạch lạc | N7: Phần cost cần cải thiện vì dùng hybrid nhưng chưa rõ chi phí hạ tầng | O7: Giả sử agent trả sai thông tin của trường thì phải làm như nào | Q7: Best Enterprise Logic | R7: =IF(A7="","",F7+G7+H7+I7+J7+L7) -> 74 | S7: =IFERROR(__xludf.dummyfunction("""COMPUTED_VALUE"""),"NHÓM 4") -> NHÓM 4 | T7: =IFERROR(__xludf.dummyfunction("""COMPUTED_VALUE"""),"NHÓM 1") -> NHÓM 1 | U7: =IFERROR(__xludf.dummyfunction("IF(B7="""","""",""Zone ""&IFERROR(VALUE(REGEXEXTRACT(TRIM(B7),""\d+"")),REGEXEXTRACT(TRIM(B7),""\d+"")))"),"Zone 4") -> Zone 4
A8: 46134.674 | B8: Zone 4 | C8: Nhóm 19 | D8: Nhóm 22 | E8: Agent hỗ trợ hỏi đáp sinh viên | F8: 15 | G8: 16 | H8: 16 | I8: 15 | J8: 8 | L8: 4 | M8: Thuyết trình mạch lạc | N8: Phần cost cần cải thiện vì dùng hybrid nhưng chưa rõ chi phí hạ tầng | O8: Giả sử agent trả sai thông tin của trường thì phải làm như nào | Q8: Best Enterprise Logic | R8: =IF(A8="","",F8+G8+H8+I8+J8+L8) -> 74 | S8: =IFERROR(__xludf.dummyfunction("""COMPUTED_VALUE"""),"NHÓM 4") -> NHÓM 4 | T8: =IFERROR(__xludf.dummyfunction("""COMPUTED_VALUE"""),"NHÓM 1") -> NHÓM 1 | U8: =IFERROR(__xludf.dummyfunction("IF(B8="""","""",""Zone ""&IFERROR(VALUE(REGEXEXTRACT(TRIM(B8),""\d+"")),REGEXEXTRACT(TRIM(B8),""\d+"")))"),"Zone 4") -> Zone 4
A9: 46134.675 | B9: Zone 4 | C9: Nhóm 20 | D9: Nhóm 34 | E9: Bank Operations Copilot | F9: 15 | G9: 20 | H9: 12 | I9: 15 | J9: 8 | L9: 4 | M9: Phân tích kỹ về ngành ngân hàng, quy định của ngân hàng (hiểu domain knowledge) để xây được chatbot đi đúng hướng | N9: Phần cost analysis nhóm chưa chia rõ ràng lắm, mới chỉ specify là cho 10000 user, setup ban đầu 200 triệu, chưa rõ 200 triệu là chi tiết các thành phần nào | O9: Nhờ nhóm giải đáp thêm về cấu trúc chi phí cho giai đoạn set up MVP, chi phí 200 triệu có vẻ hơi thấp, chưa đủ trả lương cho nhân sự làm dự án | Q9: Best Enterprise Logic | R9: =IF(A9="","",F9+G9+H9+I9+J9+L9) -> 74 | S9: =IFERROR(__xludf.dummyfunction("""COMPUTED_VALUE"""),"NHÓM 4") -> NHÓM 4 | T9: =IFERROR(__xludf.dummyfunction("""COMPUTED_VALUE"""),"NHÓM 2") -> NHÓM 2 | U9: =IFERROR(__xludf.dummyfunction("IF(B9="""","""",""Zone ""&IFERROR(VALUE(REGEXEXTRACT(TRIM(B9),""\d+"")),REGEXEXTRACT(TRIM(B9),""\d+"")))"),"Zone 4") -> Zone 4
A10: 46134.675 | B10: Zone 4 | C10: Nhóm 22 | D10: Nhóm 20 | E10: Trợ lý ảo Xanh SM | F10: 15 | G10: 20 | H10: 20 | I10: 15 | J10: 10 | L10: 5 | M10: Thiết kế hệ thống tối ưu cost tốt | N10: Tính năng cancel quy trình điền form lúc bấm nhầm | O10: Nhóm tính scale dự án như nào | Q10: Best Enterprise Logic, Best Cost Thinking, Best Reliability Mindset, Best Track Recommendation, Best Critical Feedback | R10: =IF(A10="","",F10+G10+H10+I10+J10+L10) -> 85 | S10: =IFERROR(__xludf.dummyfunction("""COMPUTED_VALUE"""),"NHÓM 2") -> NHÓM 2 | T10: =IFERROR(__xludf.dummyfunction("""COMPUTED_VALUE"""),"NHÓM 4") -> NHÓM 4 | U10: =IFERROR(__xludf.dummyfunction("IF(B10="""","""",""Zone ""&IFERROR(VALUE(REGEXEXTRACT(TRIM(B10),""\d+"")),REGEXEXTRACT(TRIM(B10),""\d+"")))"),"Zone 4") -> Zone 4
A11: 46134.675 | B11: 4 | C11: 34 | D11: 19 | E11: Vinschool one | F11: 12 | G11: 12 | H11: 8 | I11: 6 | J11: 8 | L11: 5 | M11: Có demo luôn, hệ thống rõ luồng, giải quyết đúng bài toán | N11: Hệ thống hoạt động sai về logic tối ưu chi phí: nên tìm giải pháp ít chi phí nhất thay vì gọi llm mạnh từ đầu | O11: Tại sao không cho rulebase trước khi gọi llm? Chi phí ước tính cụ thể bao nhiêu? | R11: =IF(A11="","",F11+G11+H11+I11+J11+L11) -> 51 | S11: =IFERROR(__xludf.dummyfunction("""COMPUTED_VALUE"""),"NHÓM 1") -> NHÓM 1 | T11: =IFERROR(__xludf.dummyfunction("""COMPUTED_VALUE"""),"NHÓM 4") -> NHÓM 4 | U11: =IFERROR(__xludf.dummyfunction("IF(B11="""","""",""Zone ""&IFERROR(VALUE(REGEXEXTRACT(TRIM(B11),""\d+"")),REGEXEXTRACT(TRIM(B11),""\d+"")))"),"Zone 4") -> Zone 4
A12: 46134.676 | B12: 4 | C12: 21 | D12: 34 | E12: Bank Copilot Operation | F12: 15 | G12: 20 | H12: 20 | I12: 15 | J12: 10 | L12: 5 | M12: Tuân thủ rõ các điều luật của nhà nước về bảo mật thôgn tin | N12: tìm hiểu sâu hơn về MLops về vấn đề bảo trì và giám sát | O12: cách đề ẩn danh dữ liệu khác hàng như nào khi dùng AI | Q12: Best Reliability Mindset | R12: =IF(A12="","",F12+G12+H12+I12+J12+L12) -> 85 | S12: =IFERROR(__xludf.dummyfunction("""COMPUTED_VALUE"""),"NHÓM 4") -> NHÓM 4 | T12: =IFERROR(__xludf.dummyfunction("""COMPUTED_VALUE"""),"NHÓM 3") -> NHÓM 3 | U12: =IFERROR(__xludf.dummyfunction("IF(B12="""","""",""Zone ""&IFERROR(VALUE(REGEXEXTRACT(TRIM(B12),""\d+"")),REGEXEXTRACT(TRIM(B12),""\d+"")))"),"Zone 4") -> Zone 4
A13: 46134.676 | B13: Zone 3 | C13: Nhóm 1 | D13: Nhóm 2 | E13: VinUni Smart AI Assistant | F13: 12 | G13: 16 | H13: 16 | I13: 12 | J13: 8 | L13: 4 | M13: Mạnh đều | N13: Chưa tìm ra | O13: Ko có | R13: =IF(A13="","",F13+G13+H13+I13+J13+L13) -> 68 | S13: =IFERROR(__xludf.dummyfunction("""COMPUTED_VALUE"""),"NHÓM 2") -> NHÓM 2 | T13: =IFERROR(__xludf.dummyfunction("""COMPUTED_VALUE"""),"NHÓM 1") -> NHÓM 1 | U13: =IFERROR(__xludf.dummyfunction("IF(B13="""","""",""Zone ""&IFERROR(VALUE(REGEXEXTRACT(TRIM(B13),""\d+"")),REGEXEXTRACT(TRIM(B13),""\d+"")))"),"Zone 3") -> Zone 3
A14: 46134.677 | B14: 5 | C14: Nhóm 4 | D14: Nhóm 1 | E14: Trợ lý học tập đa phương thức | F14: 12 | G14: 12 | H14: 16 | I14: 9 | J14: 8 | L14: 3 | M14: Hybird deployment | N14: Chưa ứng dụng dc cho nhiều tệp khách hàng/ ngách nhỏ | O14: Hiện web bắt người dùng nhìn vào màn hình full time, chưa phù hợp khi họ viết bài, ngoảnh mặt đi nói chuyện,... | Q14: Best Enterprise Logic | R14: =IF(A14="","",F14+G14+H14+I14+J14+L14) -> 60 | S14: =IFERROR(__xludf.dummyfunction("""COMPUTED_VALUE"""),"NHÓM 1") -> NHÓM 1 | T14: =IFERROR(__xludf.dummyfunction("""COMPUTED_VALUE"""),"NHÓM 4") -> NHÓM 4 | U14: =IFERROR(__xludf.dummyfunction("IF(B14="""","""",""Zone ""&IFERROR(VALUE(REGEXEXTRACT(TRIM(B14),""\d+"")),REGEXEXTRACT(TRIM(B14),""\d+"")))"),"Zone 5") -> Zone 5
A15: 46134.677 | B15: 5 | C15: 2 | D15: 1 | E15: Trợ lý học tập đa phương thức | F15: 12 | G15: 16 | H15: 16 | I15: 12 | J15: 8 | L15: 4 | M15: Có kiến thức cụ thể, nắm bắt được usecase | N15: Chi phí vẫn ở mức ổn với MVP chưa tốt cho production | O15: Trường hợp use vẫn dùng màn hình nhưng bật sang tab ytb hoặc fb thì sẽ như nào | Q15: Best Reliability Mindset | R15: =IF(A15="","",F15+G15+H15+I15+J15+L15) -> 68 | S15: =IFERROR(__xludf.dummyfunction("""COMPUTED_VALUE"""),"NHÓM 1") -> NHÓM 1 | T15: =IFERROR(__xludf.dummyfunction("""COMPUTED_VALUE"""),"NHÓM 2") -> NHÓM 2 | U15: =IFERROR(__xludf.dummyfunction("IF(B15="""","""",""Zone ""&IFERROR(VALUE(REGEXEXTRACT(TRIM(B15),""\d+"")),REGEXEXTRACT(TRIM(B15),""\d+"")))"),"Zone 5") -> Zone 5
A16: 46134.677 | B16: 3 | C16: 18 | D16: 14 | E16: Vinuni smart AI Assistant | F16: 12 | G16: 16 | H16: 16 | I16: 15 | J16: 8 | L16: 4 | M16: Cost optimization tốt. | N16: Phần estimate lượng users chưa hợp lý. | O16: Dữ liệu nhạy cảm của user là gì? | R16: =IF(A16="","",F16+G16+H16+I16+J16+L16) -> 71 | S16: =IFERROR(__xludf.dummyfunction("""COMPUTED_VALUE"""),"NHÓM 2") -> NHÓM 2 | T16: =IFERROR(__xludf.dummyfunction("""COMPUTED_VALUE"""),"NHÓM 6") -> NHÓM 6 | U16: =IFERROR(__xludf.dummyfunction("IF(B16="""","""",""Zone ""&IFERROR(VALUE(REGEXEXTRACT(TRIM(B16),""\d+"")),REGEXEXTRACT(TRIM(B16),""\d+"")))"),"Zone 3") -> Zone 3
A17: 46134.677 | B17: 4 | C17: 23 | D17: 22 | E17: Agent hỗ trợ hỏi đáp về tuyển sinh cho sinh viên | F17: 15 | G17: 16 | H17: 20 | I17: 12 | J17: 6 | L17: 4 | M17: User rõ, use case rõ, dữ liệu và ràng buộc hợp lý | N17: Phần monitoring chưa rõ ràng, phản biện hơi chung chung | O17: Đối với các trường hợp mà agent trả lời sang thông tin như học phí thì chiến lược của team cụ thể như thế nào | R17: =IF(A17="","",F17+G17+H17+I17+J17+L17) -> 73 | S17: =IFERROR(__xludf.dummyfunction("""COMPUTED_VALUE"""),"NHÓM 4") -> NHÓM 4 | T17: =IFERROR(__xludf.dummyfunction("""COMPUTED_VALUE"""),"NHÓM 5") -> NHÓM 5 | U17: =IFERROR(__xludf.dummyfunction("IF(B17="""","""",""Zone ""&IFERROR(VALUE(REGEXEXTRACT(TRIM(B17),""\d+"")),REGEXEXTRACT(TRIM(B17),""\d+"")))"),"Zone 4") -> Zone 4
A18: 46134.678 | B18: 5 | C18: 29 | D18: E1 | E18: Trợ lý học tập đa phương thức | F18: 9 | G18: 12 | H18: 12 | I18: 12 | J18: 6 | L18: 4 | M18: Ý tưởng triển khai tốt | N18: Không | O18: Không vì luồn ý tưởng tốt | Q18: Best Reliability Mindset | R18: =IF(A18="","",F18+G18+H18+I18+J18+L18) -> 55 | S18: =IFERROR(__xludf.dummyfunction("""COMPUTED_VALUE"""),"NHÓM 1") -> NHÓM 1 | T18: =IFERROR(__xludf.dummyfunction("""COMPUTED_VALUE"""),"NHÓM 5") -> NHÓM 5 | U18: =IFERROR(__xludf.dummyfunction("IF(B18="""","""",""Zone ""&IFERROR(VALUE(REGEXEXTRACT(TRIM(B18),""\d+"")),REGEXEXTRACT(TRIM(B18),""\d+"")))"),"Zone 5") -> Zone 5
A19: 46134.678 | B19: 6 | C19: Nhóm 31 | D19: Nhóm 33 | E19: XanhSm ai help center | F19: 9 | G19: 4 | H19: 20 | I19: 9 | J19: 8 | L19: 4 | M19: Slide rõ ràng, số liệu có nguồn rõ ràng | N19: Nên thêm demo app nếu có | O19: Nhóm chỉ đưa ra số liệu cho các case chat giữa người dùng và tài xế nhưng phần lớn các cuốc xe không có lịch sử chat hoặc chỉ có cuộc gọi | Q19: Best Cost Thinking | R19: =IF(A19="","",F19+G19+H19+I19+J19+L19) -> 54 | S19: =IFERROR(__xludf.dummyfunction("""COMPUTED_VALUE"""),"NHÓM 3") -> NHÓM 3 | T19: =IFERROR(__xludf.dummyfunction("""COMPUTED_VALUE"""),"NHÓM 1") -> NHÓM 1 | U19: =IFERROR(__xludf.dummyfunction("IF(B19="""","""",""Zone ""&IFERROR(VALUE(REGEXEXTRACT(TRIM(B19),""\d+"")),REGEXEXTRACT(TRIM(B19),""\d+"")))"),"Zone 6") -> Zone 6
A20: 46134.679 | B20: Zone 2 | C20: Nhóm 2 | D20: Nhóm 3 | E20: EduPlusAI | F20: 9 | G20: 12 | H20: 16 | I20: 9 | J20: 4 | L20: 3 | M20: Có cost analysis cụ thể | N20: còn thiếu monitoring | O20: không có | Q20: Best Reliability Mindset | R20: =IF(A20="","",F20+G20+H20+I20+J20+L20) -> 53 | S20: =IFERROR(__xludf.dummyfunction("""COMPUTED_VALUE"""),"NHÓM 3") -> NHÓM 3 | T20: =IFERROR(__xludf.dummyfunction("""COMPUTED_VALUE"""),"NHÓM 2") -> NHÓM 2 | U20: =IFERROR(__xludf.dummyfunction("IF(B20="""","""",""Zone ""&IFERROR(VALUE(REGEXEXTRACT(TRIM(B20),""\d+"")),REGEXEXTRACT(TRIM(B20),""\d+"")))"),"Zone 2") -> Zone 2
A21: 46134.679 | B21: Zone 2 | C21: Nhóm 12 | D21: Nhóm 9 | E21: EduPlusAI | F21: 12 | G21: 16 | H21: 12 | I21: 15 | J21: 8 | L21: 5 | M21: Trình bày rõ ràng, | N21: Cost chưa làm rõ ở cập nhật database | O21: Tại sao ko tự huấn luyện llm riêng để trả lời | Q21: Best Critical Feedback | R21: =IF(A21="","",F21+G21+H21+I21+J21+L21) -> 68 | S21: =IFERROR(__xludf.dummyfunction("""COMPUTED_VALUE"""),"NHÓM 3") -> NHÓM 3 | T21: =IFERROR(__xludf.dummyfunction("""COMPUTED_VALUE"""),"NHÓM 6") -> NHÓM 6 | U21: =IFERROR(__xludf.dummyfunction("IF(B21="""","""",""Zone ""&IFERROR(VALUE(REGEXEXTRACT(TRIM(B21),""\d+"")),REGEXEXTRACT(TRIM(B21),""\d+"")))"),"Zone 2") -> Zone 2
A22: 46134.679 | B22: Zone 4 | C22: Nhóm 21 | D22: Nhóm 22 | E22: University admissions and student support agent | F22: 15 | G22: 20 | H22: 20 | I22: 15 | J22: 10 | L22: 5 | M22: Tối ưu chi phí tốt | N22: Cơ chế model cần tối ưu hơn (latency cao) | O22: Làm sao đảm bảo thông tin của nhà trường | Q22: Best Track Recommendation, Best Critical Feedback | R22: =IF(A22="","",F22+G22+H22+I22+J22+L22) -> 85 | S22: =IFERROR(__xludf.dummyfunction("""COMPUTED_VALUE"""),"NHÓM 4") -> NHÓM 4 | T22: =IFERROR(__xludf.dummyfunction("""COMPUTED_VALUE"""),"NHÓM 3") -> NHÓM 3 | U22: =IFERROR(__xludf.dummyfunction("IF(B22="""","""",""Zone ""&IFERROR(VALUE(REGEXEXTRACT(TRIM(B22),""\d+"")),REGEXEXTRACT(TRIM(B22),""\d+"")))"),"Zone 4") -> Zone 4
A23: 46134.679 | B23: Zone 3 | C23: Nhóm 1 | D23: Nhóm 2 | E23: Hệ thống trợ lý ảo thông minh | F23: 15 | G23: 20 | H23: 20 | I23: 15 | J23: 10 | L23: 5 | M23: Trình bày ấn tượng | N23: Tối ưu các chi phí deployment lên các nền tảng cloud | O23: Các cơ chế báo cáo lỗi hệ thống hoạt động như thế nào? | Q23: Best Enterprise Logic | R23: =IF(A23="","",F23+G23+H23+I23+J23+L23) -> 85 | S23: =IFERROR(__xludf.dummyfunction("""COMPUTED_VALUE"""),"NHÓM 2") -> NHÓM 2 | T23: =IFERROR(__xludf.dummyfunction("""COMPUTED_VALUE"""),"NHÓM 1") -> NHÓM 1 | U23: =IFERROR(__xludf.dummyfunction("IF(B23="""","""",""Zone ""&IFERROR(VALUE(REGEXEXTRACT(TRIM(B23),""\d+"")),REGEXEXTRACT(TRIM(B23),""\d+"")))"),"Zone 3") -> Zone 3
A24: 46134.679 | B24: Zone 6 | C24: Nhóm 32 | D24: Nhóm 33 | E24: XanhSM AI help center | F24: 15 | G24: 12 | H24: 16 | I24: 12 | J24: 8 | L24: 4 | M24: Work flow rõ ràng, giải thích dễ hiểu | N24: Chưa triển khai guardrail | O24: Vì sao không triển khai guardrail? | R24: =IF(A24="","",F24+G24+H24+I24+J24+L24) -> 67 | S24: =IFERROR(__xludf.dummyfunction("""COMPUTED_VALUE"""),"NHÓM 3") -> NHÓM 3 | T24: =IFERROR(__xludf.dummyfunction("""COMPUTED_VALUE"""),"NHÓM 2") -> NHÓM 2 | U24: =IFERROR(__xludf.dummyfunction("IF(B24="""","""",""Zone ""&IFERROR(VALUE(REGEXEXTRACT(TRIM(B24),""\d+"")),REGEXEXTRACT(TRIM(B24),""\d+"")))"),"Zone 6") -> Zone 6
A25: 46134.679 | B25: Zone 2 | C25: Nhóm 12 | D25: Nhóm 11 | E25: VinUni Admissions Agent | F25: 15 | G25: 20 | H25: 20 | I25: 15 | J25: 10 | L25: 5 | M25: Slide đẹp, trình bày rõ ràng, ý tưởng độc đáo | N25: Ko có gì | O25: Không có | Q25: Best Enterprise Logic, Best Cost Thinking, Best Reliability Mindset, Best Track Recommendation, Best Critical Feedback | R25: =IF(A25="","",F25+G25+H25+I25+J25+L25) -> 85 | S25: =IFERROR(__xludf.dummyfunction("""COMPUTED_VALUE"""),"NHÓM 5") -> NHÓM 5 | T25: =IFERROR(__xludf.dummyfunction("""COMPUTED_VALUE"""),"NHÓM 6") -> NHÓM 6 | U25: =IFERROR(__xludf.dummyfunction("IF(B25="""","""",""Zone ""&IFERROR(VALUE(REGEXEXTRACT(TRIM(B25),""\d+"")),REGEXEXTRACT(TRIM(B25),""\d+"")))"),"Zone 2") -> Zone 2
A26: 46134.68 | B26: Zone 4 | C26: Nhóm 22 | D26: Nhóm 21 | E26: Bank operation Copilot | F26: 15 | G26: 20 | H26: 20 | I26: 15 | J26: 10 | L26: 5 | M26: Các ràng buộc define rõ | N26: Nghiệp vụ ngân hàng cần rõ hơn | O26: Nhóm sẽ scale dự án như nào? | Q26: Best Enterprise Logic, Best Cost Thinking, Best Reliability Mindset, Best Track Recommendation, Best Critical Feedback | R26: =IF(A26="","",F26+G26+H26+I26+J26+L26) -> 85 | S26: =IFERROR(__xludf.dummyfunction("""COMPUTED_VALUE"""),"NHÓM 3") -> NHÓM 3 | T26: =IFERROR(__xludf.dummyfunction("""COMPUTED_VALUE"""),"NHÓM 4") -> NHÓM 4 | U26: =IFERROR(__xludf.dummyfunction("IF(B26="""","""",""Zone ""&IFERROR(VALUE(REGEXEXTRACT(TRIM(B26),""\d+"")),REGEXEXTRACT(TRIM(B26),""\d+"")))"),"Zone 4") -> Zone 4
A27: 46134.68 | B27: Zone 2 | C27: Nhóm 10 | D27: Nhóm 9 | E27: EduPlusAI | F27: 12 | G27: 16 | H27: 16 | I27: 12 | J27: 8 | L27: 5 | M27: Slide minh hoạt trực quan, nội dung rõ ràng | N27: Có thể sử dụng llm local cho câu hỏi định tuyến tiết kiệm chi phí | O27: Câu hỏi định tuyến có sẵn đơn giản tại sao không dùng rule-base mà phải sài GPT3-5. | R27: =IF(A27="","",F27+G27+H27+I27+J27+L27) -> 69 | S27: =IFERROR(__xludf.dummyfunction("""COMPUTED_VALUE"""),"NHÓM 3") -> NHÓM 3 | T27: =IFERROR(__xludf.dummyfunction("""COMPUTED_VALUE"""),"NHÓM 4") -> NHÓM 4 | U27: =IFERROR(__xludf.dummyfunction("IF(B27="""","""",""Zone ""&IFERROR(VALUE(REGEXEXTRACT(TRIM(B27),""\d+"")),REGEXEXTRACT(TRIM(B27),""\d+"")))"),"Zone 2") -> Zone 2
A28: 46134.68 | B28: Zone 3 | C28: Nhóm 4 | D28: Nhóm 2 | E28: VinUni Smart AI Assistant | F28: 12 | G28: 16 | H28: 16 | I28: 12 | J28: 8 | L28: 4 | M28: Slide sạch đẹp | N28: Deployment | O28: Dữ liệu lưu trữ 2 nơi là On-premise và cloud, thì nếu một câu hỏi cần 2 loại dữ liệu mà một bên gặp vấn đề thì như thế nào | R28: =IF(A28="","",F28+G28+H28+I28+J28+L28) -> 68 | S28: =IFERROR(__xludf.dummyfunction("""COMPUTED_VALUE"""),"NHÓM 2") -> NHÓM 2 | T28: =IFERROR(__xludf.dummyfunction("""COMPUTED_VALUE"""),"NHÓM 4") -> NHÓM 4 | U28: =IFERROR(__xludf.dummyfunction("IF(B28="""","""",""Zone ""&IFERROR(VALUE(REGEXEXTRACT(TRIM(B28),""\d+"")),REGEXEXTRACT(TRIM(B28),""\d+"")))"),"Zone 3") -> Zone 3
A29: 46134.68 | B29: Zone 4 | C29: Nhóm 19 | D29: Nhóm 23 | E29: Chatbot cho Vinfast | F29: 15 | G29: 20 | H29: 20 | I29: 12 | J29: 10 | L29: 5 | M29: Phản biện mạch lạc | N29: Cần cải thiện sự rõ ràng hơn về chi phí ước tính. Vì có 1 số nhập nhằng trong việc tính toán chi phí | O29: Làm thế nào để chứng minh được về sự cải thiện hallucination trong đề tài của các bạn | Q29: Best Enterprise Logic | R29: =IF(A29="","",F29+G29+H29+I29+J29+L29) -> 82 | S29: =IFERROR(__xludf.dummyfunction("""COMPUTED_VALUE"""),"NHÓM 5") -> NHÓM 5 | T29: =IFERROR(__xludf.dummyfunction("""COMPUTED_VALUE"""),"NHÓM 1") -> NHÓM 1 | U29: =IFERROR(__xludf.dummyfunction("IF(B29="""","""",""Zone ""&IFERROR(VALUE(REGEXEXTRACT(TRIM(B29),""\d+"")),REGEXEXTRACT(TRIM(B29),""\d+"")))"),"Zone 4") -> Zone 4
A30: 46134.68 | B30: Zone 4 | C30: Nhóm 19 | D30: Nhóm 23 | E30: Chatbot cho Vinfast | F30: 15 | G30: 20 | H30: 20 | I30: 12 | J30: 10 | L30: 5 | M30: Phản biện mạch lạc | N30: Cần cải thiện sự rõ ràng hơn về chi phí ước tính. Vì có 1 số nhập nhằng trong việc tính toán chi phí | O30: Làm thế nào để chứng minh được về sự cải thiện hallucination trong đề tài của các bạn | Q30: Best Enterprise Logic | R30: =IF(A30="","",F30+G30+H30+I30+J30+L30) -> 82 | S30: =IFERROR(__xludf.dummyfunction("""COMPUTED_VALUE"""),"NHÓM 5") -> NHÓM 5 | T30: =IFERROR(__xludf.dummyfunction("""COMPUTED_VALUE"""),"NHÓM 1") -> NHÓM 1 | U30: =IFERROR(__xludf.dummyfunction("IF(B30="""","""",""Zone ""&IFERROR(VALUE(REGEXEXTRACT(TRIM(B30),""\d+"")),REGEXEXTRACT(TRIM(B30),""\d+"")))"),"Zone 4") -> Zone 4
A31: 46134.68 | B31: 4 | C31: Nhóm 20 | D31: Nhóm 21 | E31: Bank operations copilot | F31: 12 | G31: 20 | H31: 20 | I31: 15 | J31: 10 | L31: 4 | M31: Team mạnh nhất ở phần reliability & scaling, đã cân nhắc nhiều trường hợp có thể xảy ra trong tương lai khi deploy thực tế cho user | N31: Tổng quan dự án team chưa nêu rõ lắm | O31: Nhờ team làm rõ hơn về nội dung nghiệp vụ cụ thể chatbot sẽ xử lý | Q31: Best Reliability Mindset | R31: =IF(A31="","",F31+G31+H31+I31+J31+L31) -> 81 | S31: =IFERROR(__xludf.dummyfunction("""COMPUTED_VALUE"""),"NHÓM 3") -> NHÓM 3 | T31: =IFERROR(__xludf.dummyfunction("""COMPUTED_VALUE"""),"NHÓM 2") -> NHÓM 2 | U31: =IFERROR(__xludf.dummyfunction("IF(B31="""","""",""Zone ""&IFERROR(VALUE(REGEXEXTRACT(TRIM(B31),""\d+"")),REGEXEXTRACT(TRIM(B31),""\d+"")))"),"Zone 4") -> Zone 4
A32: 46134.68 | B32: 3 | C32: Nhóm 17 | D32: 14 | E32: VinUni smart AI | F32: 12 | G32: 16 | H32: 16 | I32: 12 | J32: 8 | L32: 4 | M32: Trình bày tốt | N32: Reliability cần cả thiện | O32: Tính cost như vậy đã hợp lý? | Q32: Best Cost Thinking, Best Track Recommendation | R32: =IF(A32="","",F32+G32+H32+I32+J32+L32) -> 68 | S32: =IFERROR(__xludf.dummyfunction("""COMPUTED_VALUE"""),"NHÓM 2") -> NHÓM 2 | T32: =IFERROR(__xludf.dummyfunction("""COMPUTED_VALUE"""),"NHÓM 5") -> NHÓM 5 | U32: =IFERROR(__xludf.dummyfunction("IF(B32="""","""",""Zone ""&IFERROR(VALUE(REGEXEXTRACT(TRIM(B32),""\d+"")),REGEXEXTRACT(TRIM(B32),""\d+"")))"),"Zone 3") -> Zone 3
A33: 46134.68 | B33: 5 | C33: 26 | D33: 24 | E33: Trợ lý học tập đa phương thức | F33: 9 | G33: 16 | H33: 16 | I33: 12 | J33: 8 | L33: 4 | M33: Workflow chi tiết | N33: Chưa rõ độ tin cậy của model local | O33: Chi phí tối ưu nhưng liệu có đảm bảo khi sử dụng model local open source | R33: =IF(A33="","",F33+G33+H33+I33+J33+L33) -> 65 | S33: =IFERROR(__xludf.dummyfunction("""COMPUTED_VALUE"""),"NHÓM 6") -> NHÓM 6 | T33: =IFERROR(__xludf.dummyfunction("""COMPUTED_VALUE"""),"NHÓM 2") -> NHÓM 2 | U33: =IFERROR(__xludf.dummyfunction("IF(B33="""","""",""Zone ""&IFERROR(VALUE(REGEXEXTRACT(TRIM(B33),""\d+"")),REGEXEXTRACT(TRIM(B33),""\d+"")))"),"Zone 5") -> Zone 5
A34: 46134.681 | B34: Zone 2 | C34: Nhóm 1 | D34: Nhóm 3 | E34: EduPlusAI | F34: 12 | G34: 16 | H34: 16 | I34: 12 | J34: 8 | L34: 5 | M34: Trình bày rõ ràng | N34: Deploy | O34: Sao không fine tuning model để chạy local mà phải dùng cloud | Q34: Best Enterprise Logic, Best Cost Thinking, Best Reliability Mindset | R34: =IF(A34="","",F34+G34+H34+I34+J34+L34) -> 69 | S34: =IFERROR(__xludf.dummyfunction("""COMPUTED_VALUE"""),"NHÓM 3") -> NHÓM 3 | T34: =IFERROR(__xludf.dummyfunction("""COMPUTED_VALUE"""),"NHÓM 1") -> NHÓM 1 | U34: =IFERROR(__xludf.dummyfunction("IF(B34="""","""",""Zone ""&IFERROR(VALUE(REGEXEXTRACT(TRIM(B34),""\d+"")),REGEXEXTRACT(TRIM(B34),""\d+"")))"),"Zone 2") -> Zone 2
A35: 46134.681 | B35: 4 | C35: 23 | D35: 19 | E35: Ứng dụng AI quản lý học sinh vinschool | F35: 15 | G35: 20 | H35: 12 | I35: 12 | J35: 8 | L35: 4 | M35: Có giao diện demo rõ ràng, chiến lược xây dựng kiến trúc cụ thể, có kế hoạch scale rõ ràng | N35: Phần chi phí còn chung chung, chưa bóc tách chi tiết | O35: Nếu có 1000 người vào 1 lúc mà hệ thống bị lag thì phải làm sao | Q35: Best Enterprise Logic | R35: =IF(A35="","",F35+G35+H35+I35+J35+L35) -> 71 | S35: =IFERROR(__xludf.dummyfunction("""COMPUTED_VALUE"""),"NHÓM 1") -> NHÓM 1 | T35: =IFERROR(__xludf.dummyfunction("""COMPUTED_VALUE"""),"NHÓM 5") -> NHÓM 5 | U35: =IFERROR(__xludf.dummyfunction("IF(B35="""","""",""Zone ""&IFERROR(VALUE(REGEXEXTRACT(TRIM(B35),""\d+"")),REGEXEXTRACT(TRIM(B35),""\d+"")))"),"Zone 4") -> Zone 4
A36: 46134.681 | B36: Zone 2 | C36: Nhóm 11 | D36: Nhóm 9 | E36: EduPlusAI - Nền tảng Hỏi đáp nội bộ chuyên sâu trường học | F36: 12 | G36: 12 | H36: 8 | I36: 9 | J36: 6 | L36: 3 | M36: tập trung vào 1 phần chuyên sâu cụ thể của AI trong hệ thống trường học - cost giảm | N36: cải thiện cost - cần nguồn số liệu thực tế | O36: tại sao không dùng rulebase mà dùng các mô hình LLM | R36: =IF(A36="","",F36+G36+H36+I36+J36+L36) -> 50 | S36: =IFERROR(__xludf.dummyfunction("""COMPUTED_VALUE"""),"NHÓM 3") -> NHÓM 3 | T36: =IFERROR(__xludf.dummyfunction("""COMPUTED_VALUE"""),"NHÓM 5") -> NHÓM 5 | U36: =IFERROR(__xludf.dummyfunction("IF(B36="""","""",""Zone ""&IFERROR(VALUE(REGEXEXTRACT(TRIM(B36),""\d+"")),REGEXEXTRACT(TRIM(B36),""\d+"")))"),"Zone 2") -> Zone 2
A37: 46134.682 | B37: Zone 4 | C37: Nhóm 22 | D37: Nhóm 19 | E37: Vinschool one ai assistant | F37: 15 | G37: 20 | H37: 20 | I37: 15 | J37: 10 | L37: 5 | M37: MVP bao quát tốt | N37: Áp dụng rule base trc AI | O37: Nhóm tính áp dụng rule base như nào | Q37: Best Enterprise Logic, Best Cost Thinking, Best Reliability Mindset, Best Track Recommendation, Best Critical Feedback | R37: =IF(A37="","",F37+G37+H37+I37+J37+L37) -> 85 | S37: =IFERROR(__xludf.dummyfunction("""COMPUTED_VALUE"""),"NHÓM 1") -> NHÓM 1 | T37: =IFERROR(__xludf.dummyfunction("""COMPUTED_VALUE"""),"NHÓM 4") -> NHÓM 4 | U37: =IFERROR(__xludf.dummyfunction("IF(B37="""","""",""Zone ""&IFERROR(VALUE(REGEXEXTRACT(TRIM(B37),""\d+"")),REGEXEXTRACT(TRIM(B37),""\d+"")))"),"Zone 4") -> Zone 4
A38: 46134.682 | B38: 4 | C38: 21 | D38: 19 | E38: vinschool one ai assistant | F38: 15 | G38: 20 | H38: 20 | I38: 15 | J38: 10 | L38: 5 | M38: đã xog mvp, quá nhanh! | N38: áp dụng rule based để tiết kiệm hơn | O38: nếu tăng người dùng lên 10000 users, hướng giải quyết | R38: =IF(A38="","",F38+G38+H38+I38+J38+L38) -> 85 | S38: =IFERROR(__xludf.dummyfunction("""COMPUTED_VALUE"""),"NHÓM 1") -> NHÓM 1 | T38: =IFERROR(__xludf.dummyfunction("""COMPUTED_VALUE"""),"NHÓM 3") -> NHÓM 3 | U38: =IFERROR(__xludf.dummyfunction("IF(B38="""","""",""Zone ""&IFERROR(VALUE(REGEXEXTRACT(TRIM(B38),""\d+"")),REGEXEXTRACT(TRIM(B38),""\d+"")))"),"Zone 4") -> Zone 4
A39: 46134.682 | B39: 4 | C39: 20 | D39: 19 | E39: Vinschool One "Smart Hub" | F39: 15 | G39: 20 | H39: 16 | I39: 12 | J39: 10 | L39: 5 | M39: Team đã có mvp, giao diện mobile nhìn đẹp mắt | N39: Team đang overloaded với AI với tất cả mọi vấn đề, cần các logic fixed rule hoặc sử dụng LLM Router để tối ưu chi phí | O39: Bạn nghĩ nghiệp vụ nào có thể đủ và không quá phức tạp để áp dụng rule base logic? | Q39: Best Reliability Mindset | R39: =IF(A39="","",F39+G39+H39+I39+J39+L39) -> 78 | S39: =IFERROR(__xludf.dummyfunction("""COMPUTED_VALUE"""),"NHÓM 1") -> NHÓM 1 | T39: =IFERROR(__xludf.dummyfunction("""COMPUTED_VALUE"""),"NHÓM 2") -> NHÓM 2 | U39: =IFERROR(__xludf.dummyfunction("IF(B39="""","""",""Zone ""&IFERROR(VALUE(REGEXEXTRACT(TRIM(B39),""\d+"")),REGEXEXTRACT(TRIM(B39),""\d+"")))"),"Zone 4") -> Zone 4
A40: 46134.683 | B40: Zone 4 | C40: Nhóm 34 | D40: Nhóm 23 | E40: Chatbot sale Vinfast | F40: 15 | G40: 20 | H40: 20 | I40: 15 | J40: 10 | L40: 5 | M40: 3 chiến lược rõ ràng, có % tiết kiệm | N40: Cần cải thiện slide trực quan hơn | O40: Human escalation khi confidence thấp thì workflow cụ thể ? Làm sao tránh phiền sale quá nhiều | Q40: Best Cost Thinking | R40: =IF(A40="","",F40+G40+H40+I40+J40+L40) -> 85 | S40: =IFERROR(__xludf.dummyfunction("""COMPUTED_VALUE"""),"NHÓM 5") -> NHÓM 5 | T40: =IFERROR(__xludf.dummyfunction("""COMPUTED_VALUE"""),"NHÓM 4") -> NHÓM 4 | U40: =IFERROR(__xludf.dummyfunction("IF(B40="""","""",""Zone ""&IFERROR(VALUE(REGEXEXTRACT(TRIM(B40),""\d+"")),REGEXEXTRACT(TRIM(B40),""\d+"")))"),"Zone 4") -> Zone 4
A41: 46134.683 | B41: Zone 6 | C41: Nhóm 30 | D41: Nhóm 33 | E41: XanhSM AI help center | F41: 9 | G41: 12 | H41: 16 | I41: 9 | J41: 4 | L41: 5 | M41: Trình bày rõ ràng | N41: Cải thiên cost, có thể thay caching bằng rule base. Fix cứng 1 số câu hỏi cơ bản | O41: Câu hỏi giao tiếp cơ bản được hỏi lại nhiều lần. Thông tin nào được public thông tin nào được private. Guardrail không có | Q41: Best Critical Feedback | R41: =IF(A41="","",F41+G41+H41+I41+J41+L41) -> 55 | S41: =IFERROR(__xludf.dummyfunction("""COMPUTED_VALUE"""),"NHÓM 3") -> NHÓM 3 | T41: =IFERROR(__xludf.dummyfunction("""COMPUTED_VALUE"""),"NHÓM 6") -> NHÓM 6 | U41: =IFERROR(__xludf.dummyfunction("IF(B41="""","""",""Zone ""&IFERROR(VALUE(REGEXEXTRACT(TRIM(B41),""\d+"")),REGEXEXTRACT(TRIM(B41),""\d+"")))"),"Zone 6") -> Zone 6
A42: 46134.684 | B42: Zone 1 | C42: Nhóm 1 | D42: Nhóm 2 | E42: Hệ thống AI tra cứu thủ tục cấp quốc gia | F42: 15 | G42: 20 | H42: 20 | I42: 15 | J42: 10 | L42: 5 | M42: Đúng pain point cấp thiết, thủ tục hành chính rườm rà nhiều loại giấy tờ và thủ tục phức tạp khó nắm bắt | N42: Cost cần tính toán chi tiết hơn tại vì quy mô của dự án lớn, chi phí sẽ tăng theo tuyến tính và khó dự đoán. | O42: Mỗi lần cập nhật nghị định mới, dữ liệu mới, vector db phải cập nhật hoặc embedding lại từ đầu không? như nào để tối ưu cho phí | Q42: Best Cost Thinking, Best Reliability Mindset | R42: =IF(A42="","",F42+G42+H42+I42+J42+L42) -> 85 | S42: =IFERROR(__xludf.dummyfunction("""COMPUTED_VALUE"""),"NHÓM 2") -> NHÓM 2 | T42: =IFERROR(__xludf.dummyfunction("""COMPUTED_VALUE"""),"NHÓM 1") -> NHÓM 1 | U42: =IFERROR(__xludf.dummyfunction("IF(B42="""","""",""Zone ""&IFERROR(VALUE(REGEXEXTRACT(TRIM(B42),""\d+"")),REGEXEXTRACT(TRIM(B42),""\d+"")))"),"Zone 1") -> Zone 1
A43: 46134.685 | B43: 4 | C43: 20 | D43: 22 | E43: University Admissions & Student Support Agent | F43: 15 | G43: 16 | H43: 20 | I43: 15 | J43: 10 | L43: 5 | M43: Team trình bày tốt, slide đẹp và dễ hiểu | N43: Cần cải thiện cơ chế routing để tối ưu chi phí sử dụng LLM, và breakdown chi phí của nhóm chưa kỹ | O43: Team dự định sẽ mất các cấu phần chi phí chi tiết nào trong phase MVP và phase operation? | Q43: Best Enterprise Logic | R43: =IF(A43="","",F43+G43+H43+I43+J43+L43) -> 81 | S43: =IFERROR(__xludf.dummyfunction("""COMPUTED_VALUE"""),"NHÓM 4") -> NHÓM 4 | T43: =IFERROR(__xludf.dummyfunction("""COMPUTED_VALUE"""),"NHÓM 2") -> NHÓM 2 | U43: =IFERROR(__xludf.dummyfunction("IF(B43="""","""",""Zone ""&IFERROR(VALUE(REGEXEXTRACT(TRIM(B43),""\d+"")),REGEXEXTRACT(TRIM(B43),""\d+"")))"),"Zone 4") -> Zone 4
A44: 46134.685 | B44: 4 | C44: 34 | D44: 20 | E44: Xanh SM | F44: 9 | G44: 8 | H44: 8 | I44: 6 | J44: 4 | L44: 5 | M44: Demo kỹ, trình bày rõ ràng | N44: Cost: cần tối ưu thêm rulebase, guardrail | O44: Nếu user spam hỏi thì sao? 1 tháng tổng cost bn???? | R44: =IF(A44="","",F44+G44+H44+I44+J44+L44) -> 40 | S44: =IFERROR(__xludf.dummyfunction("""COMPUTED_VALUE"""),"NHÓM 2") -> NHÓM 2 | T44: =IFERROR(__xludf.dummyfunction("""COMPUTED_VALUE"""),"NHÓM 4") -> NHÓM 4 | U44: =IFERROR(__xludf.dummyfunction("IF(B44="""","""",""Zone ""&IFERROR(VALUE(REGEXEXTRACT(TRIM(B44),""\d+"")),REGEXEXTRACT(TRIM(B44),""\d+"")))"),"Zone 4") -> Zone 4
A45: 46134.686 | B45: 4 | C45: 23 | D45: 20 | E45: Trợ lý ảo cho ứng dụng xanhsm | F45: 15 | G45: 16 | H45: 20 | I45: 12 | J45: 8 | L45: 5 | M45: Triển khai demo chạy được, kiến trúc rõ ràng, chi phí bóc tách chi tiết | N45: Chưa có fallback về xử lý human in the loop | O45: Chiến lược xử lý như nào khi có hàng nghìn người vào cùng lúc | Q45: Best Cost Thinking | R45: =IF(A45="","",F45+G45+H45+I45+J45+L45) -> 76 | S45: =IFERROR(__xludf.dummyfunction("""COMPUTED_VALUE"""),"NHÓM 2") -> NHÓM 2 | T45: =IFERROR(__xludf.dummyfunction("""COMPUTED_VALUE"""),"NHÓM 5") -> NHÓM 5 | U45: =IFERROR(__xludf.dummyfunction("IF(B45="""","""",""Zone ""&IFERROR(VALUE(REGEXEXTRACT(TRIM(B45),""\d+"")),REGEXEXTRACT(TRIM(B45),""\d+"")))"),"Zone 4") -> Zone 4
A46: 46134.688 | B46: Zone 1 | C46: Nhóm 5 | D46: Nhóm 2 | E46: Hệ thống AI Tra cứu thủ tục hành chính cấp Quốc Gia | F46: 12 | G46: 16 | H46: 16 | I46: 12 | J46: 8 | L46: 4 | M46: Kiến trúc Hybrid RAG, xử lí 2900 tokens mỗi truy vấn | N46: Cost hơi ảo giá | O46: Tại sao kh ra phường/xã mà làm, mà phải thông qua Agent, hiện tại thì tôi thấy ở nhiều xã/phường họ cũng làm thứ 7 chủ nhật nên chúng ta có thể đến đó để làm dịch vụ công | Q46: Best Enterprise Logic, Best Reliability Mindset | R46: =IF(A46="","",F46+G46+H46+I46+J46+L46) -> 68 | S46: =IFERROR(__xludf.dummyfunction("""COMPUTED_VALUE"""),"NHÓM 2") -> NHÓM 2 | T46: =IFERROR(__xludf.dummyfunction("""COMPUTED_VALUE"""),"NHÓM 5") -> NHÓM 5 | U46: =IFERROR(__xludf.dummyfunction("IF(B46="""","""",""Zone ""&IFERROR(VALUE(REGEXEXTRACT(TRIM(B46),""\d+"")),REGEXEXTRACT(TRIM(B46),""\d+"")))"),"Zone 1") -> Zone 1
A47: 46134.688 | B47: Zone 1 | C47: Nhóm 6 | D47: Nhóm 1 | E47: Hệ thống AI tra cứu thủ tục hành chính cấp quốc gia | F47: 12 | G47: 20 | H47: 16 | I47: 9 | J47: 8 | L47: 5 | M47: Nêu rõ bối cảnh bài toán hợp lý để áp dụng AI ( phần bối cảnh) | N47: Trình bày và phản biện (trình bày hơi quá thời gian so với yêu cầu 3-5 phút , thực tế 10-15 phút) | O47: Tại sao cần chiến lược semantic caching trong dự án này khi mà database cố định không thay đổi | Q47: Best Enterprise Logic, Best Reliability Mindset | R47: =IF(A47="","",F47+G47+H47+I47+J47+L47) -> 70 | S47: =IFERROR(__xludf.dummyfunction("""COMPUTED_VALUE"""),"NHÓM 1") -> NHÓM 1 | T47: =IFERROR(__xludf.dummyfunction("""COMPUTED_VALUE"""),"NHÓM 6") -> NHÓM 6 | U47: =IFERROR(__xludf.dummyfunction("IF(B47="""","""",""Zone ""&IFERROR(VALUE(REGEXEXTRACT(TRIM(B47),""\d+"")),REGEXEXTRACT(TRIM(B47),""\d+"")))"),"Zone 1") -> Zone 1
A48: 46134.688 | B48: Zone 4 | C48: Nhóm 19 | D48: Nhóm 34 | E48: Trợ lý cho vận hành ngân hàng nội bộ | F48: 15 | G48: 20 | H48: 20 | I48: 15 | J48: 8 | L48: 4 | M48: Trình bày rất mạch lạc, khá oinr | N48: Cần cải thiện về phần cost, cần tường minh hơn | O48: Tại sao chi phí vận hành lại thấp hơn so với bình thường như thế? | Q48: Best Enterprise Logic, Best Critical Feedback | R48: =IF(A48="","",F48+G48+H48+I48+J48+L48) -> 82 | S48: =IFERROR(__xludf.dummyfunction("""COMPUTED_VALUE"""),"NHÓM 4") -> NHÓM 4 | T48: =IFERROR(__xludf.dummyfunction("""COMPUTED_VALUE"""),"NHÓM 1") -> NHÓM 1 | U48: =IFERROR(__xludf.dummyfunction("IF(B48="""","""",""Zone ""&IFERROR(VALUE(REGEXEXTRACT(TRIM(B48),""\d+"")),REGEXEXTRACT(TRIM(B48),""\d+"")))"),"Zone 4") -> Zone 4
A49: 46134.688 | B49: Zone 4 | C49: Nhóm 19 | D49: Nhóm 34 | E49: Trợ lý cho vận hành ngân hàng nội bộ | F49: 15 | G49: 20 | H49: 20 | I49: 15 | J49: 8 | L49: 4 | M49: Trình bày rất mạch lạc, khá oinr | N49: Cần cải thiện về phần cost, cần tường minh hơn | O49: Tại sao chi phí vận hành lại thấp hơn so với bình thường như thế? | Q49: Best Enterprise Logic, Best Critical Feedback | R49: =IF(A49="","",F49+G49+H49+I49+J49+L49) -> 82 | S49: =IFERROR(__xludf.dummyfunction("""COMPUTED_VALUE"""),"NHÓM 4") -> NHÓM 4 | T49: =IFERROR(__xludf.dummyfunction("""COMPUTED_VALUE"""),"NHÓM 1") -> NHÓM 1 | U49: =IFERROR(__xludf.dummyfunction("IF(B49="""","""",""Zone ""&IFERROR(VALUE(REGEXEXTRACT(TRIM(B49),""\d+"")),REGEXEXTRACT(TRIM(B49),""\d+"")))"),"Zone 4") -> Zone 4
A50: 46134.689 | B50: 4 | C50: 20 | D50: 23 | E50: Vinfast sale chatbot | F50: 15 | G50: 20 | H50: 16 | I50: 9 | J50: 10 | L50: 5 | M50: Hiểu nghiệp vụ và hiểu dữ liệu của vinfast -> giải quyết được pain point của user | N50: Mình nghĩ với case này thì team nên có llm router phù hợp để route các câu hỏi tới Local LLM, và chia các case ra cụ thể hơn khi cần human in the loop | O50: Chatbot để sale thì hay, có thể hỗ trợ được nhưng mình nghĩ để chốt sale hoặc để khách hàng thực sự hiểu sản phẩm thì sẽ cần lái thử xe hoặc tiếp xúc trực tiếp với nhân viên thì mới tự tin để mua xe được, nhóm có cách nào giải quyết vấn đề này không? | Q50: Best Enterprise Logic | R50: =IF(A50="","",F50+G50+H50+I50+J50+L50) -> 75 | S50: =IFERROR(__xludf.dummyfunction("""COMPUTED_VALUE"""),"NHÓM 5") -> NHÓM 5 | T50: =IFERROR(__xludf.dummyfunction("""COMPUTED_VALUE"""),"NHÓM 2") -> NHÓM 2 | U50: =IFERROR(__xludf.dummyfunction("IF(B50="""","""",""Zone ""&IFERROR(VALUE(REGEXEXTRACT(TRIM(B50),""\d+"")),REGEXEXTRACT(TRIM(B50),""\d+"")))"),"Zone 4") -> Zone 4
A51: 46134.689 | B51: 4 | C51: 21 | D51: 23 | E51: Chatbot sale Vinfast | F51: 15 | G51: 20 | H51: 20 | I51: 15 | J51: 10 | L51: 5 | M51: cost analysis làm kĩ, phù hợp product | N51: nên clone model decoder | O51: Ứng dụng chưa thay thế được sale thực tế? | Q51: Best Cost Thinking | R51: =IF(A51="","",F51+G51+H51+I51+J51+L51) -> 85 | S51: =IFERROR(__xludf.dummyfunction("""COMPUTED_VALUE"""),"NHÓM 5") -> NHÓM 5 | T51: =IFERROR(__xludf.dummyfunction("""COMPUTED_VALUE"""),"NHÓM 3") -> NHÓM 3 | U51: =IFERROR(__xludf.dummyfunction("IF(B51="""","""",""Zone ""&IFERROR(VALUE(REGEXEXTRACT(TRIM(B51),""\d+"")),REGEXEXTRACT(TRIM(B51),""\d+"")))"),"Zone 4") -> Zone 4
A52: 46134.689 | B52: Zone 5 | C52: Team 1 | D52: Team 2 | E52: AISA: Ai student advisor | F52: 9 | G52: 12 | H52: 12 | I52: 6 | J52: 6 | L52: 3 | M52: Có usecase cụ thể | N52: chi phí chưa clear, hoàn vốn trong 8-10 tháng là ko hợp lí vì mùa tuyển sinh rất nhanh, user chỉ dùng 1 lần | O52: dữ liệu mà dự án sử dụng sẽ thu thập qua đâu, các dữ liệu cần độ bảo mật sẽ bảo mật như thế nào | Q52: Best Reliability Mindset | R52: =IF(A52="","",F52+G52+H52+I52+J52+L52) -> 48 | S52: =IFERROR(__xludf.dummyfunction("""COMPUTED_VALUE"""),"NHÓM 2") -> NHÓM 2 | T52: =IFERROR(__xludf.dummyfunction("""COMPUTED_VALUE"""),"NHÓM 1") -> NHÓM 1 | U52: =IFERROR(__xludf.dummyfunction("IF(B52="""","""",""Zone ""&IFERROR(VALUE(REGEXEXTRACT(TRIM(B52),""\d+"")),REGEXEXTRACT(TRIM(B52),""\d+"")))"),"Zone 5") -> Zone 5
A53: 46134.689 | B53: Zone 4 | C53: Nhóm 22 | D53: Nhóm 23 | E53: AI Vinfast chatbot | F53: 15 | G53: 20 | H53: 20 | I53: 15 | J53: 10 | L53: 5 | M53: Kiến trúc hệ thống define tốt | N53: Nên sử dụng local LLM để cải thiện private | O53: Làm sao để đảo bảo tính bảo mật và chuẩn xác của thông tin | Q53: Best Enterprise Logic, Best Cost Thinking, Best Reliability Mindset, Best Track Recommendation, Best Critical Feedback | R53: =IF(A53="","",F53+G53+H53+I53+J53+L53) -> 85 | S53: =IFERROR(__xludf.dummyfunction("""COMPUTED_VALUE"""),"NHÓM 5") -> NHÓM 5 | T53: =IFERROR(__xludf.dummyfunction("""COMPUTED_VALUE"""),"NHÓM 4") -> NHÓM 4 | U53: =IFERROR(__xludf.dummyfunction("IF(B53="""","""",""Zone ""&IFERROR(VALUE(REGEXEXTRACT(TRIM(B53),""\d+"")),REGEXEXTRACT(TRIM(B53),""\d+"")))"),"Zone 4") -> Zone 4
A54: 46134.689 | B54: Zone 1 | C54: Nhóm 4 | D54: Nhóm 2 | E54: Hệ thống AI tra cứu Thủ tục Hành chính cấp Quốc Gia | F54: 12 | G54: 16 | H54: 20 | I54: 15 | J54: 10 | L54: 4 | M54: Thuyết trình tốt, sản phẩm chỉn chu, thực tiễn cao | N54: Cần để ý, cải thiện thêm phần bảo mật | O54: Cần làm rõ logic đảm bảo giữ liệu nằm ở clould, server hay client | R54: =IF(A54="","",F54+G54+H54+I54+J54+L54) -> 77 | S54: =IFERROR(__xludf.dummyfunction("""COMPUTED_VALUE"""),"NHÓM 2") -> NHÓM 2 | T54: =IFERROR(__xludf.dummyfunction("""COMPUTED_VALUE"""),"NHÓM 4") -> NHÓM 4 | U54: =IFERROR(__xludf.dummyfunction("IF(B54="""","""",""Zone ""&IFERROR(VALUE(REGEXEXTRACT(TRIM(B54),""\d+"")),REGEXEXTRACT(TRIM(B54),""\d+"")))"),"Zone 1") -> Zone 1
A55: 46134.689 | B55: 5 | C55: Nhóm 4 | D55: Nhóm 1 | E55: Ai student advisor | F55: 6 | G55: 8 | H55: 8 | I55: 9 | J55: 4 | L55: 3 | M55: Không có | N55: Giảm 70% công việc của người thật | O55: Giải pháp này thực sự giải quyết vấn đề gì | R55: =IF(A55="","",F55+G55+H55+I55+J55+L55) -> 38 | S55: =IFERROR(__xludf.dummyfunction("""COMPUTED_VALUE"""),"NHÓM 1") -> NHÓM 1 | T55: =IFERROR(__xludf.dummyfunction("""COMPUTED_VALUE"""),"NHÓM 4") -> NHÓM 4 | U55: =IFERROR(__xludf.dummyfunction("IF(B55="""","""",""Zone ""&IFERROR(VALUE(REGEXEXTRACT(TRIM(B55),""\d+"")),REGEXEXTRACT(TRIM(B55),""\d+"")))"),"Zone 5") -> Zone 5
A56: 46134.69 | B56: Zone 5 | C56: E6 | D56: E2 | E56: Ai student advisor | F56: 6 | G56: 8 | H56: 8 | I56: 6 | J56: 4 | L56: 2 | M56: Ý tưởng triển khai | N56: Đang bị chưa chính xác về phần tài chính | O56: Không | Q56: Best Reliability Mindset | R56: =IF(A56="","",F56+G56+H56+I56+J56+L56) -> 34 | S56: =IFERROR(__xludf.dummyfunction("""COMPUTED_VALUE"""),"NHÓM 2") -> NHÓM 2 | T56: =IFERROR(__xludf.dummyfunction("""COMPUTED_VALUE"""),"NHÓM 6") -> NHÓM 6 | U56: =IFERROR(__xludf.dummyfunction("IF(B56="""","""",""Zone ""&IFERROR(VALUE(REGEXEXTRACT(TRIM(B56),""\d+"")),REGEXEXTRACT(TRIM(B56),""\d+"")))"),"Zone 5") -> Zone 5
A57: 46134.69 | B57: 4 | C57: 23 | D57: 21 | E57: Agent hỗ trợ giải đáp dữ liệu nội bộ ngân hàng | F57: 15 | G57: 20 | H57: 16 | I57: 12 | J57: 8 | L57: 4 | M57: Xây dựng kiến trúc rõ ràng, đã có chính sách dài hạn | N57: Phần deployment nên rõ ràng hơn để tối ưu chi phí deploy | O57: Các metric đánh giá chatbot là gì | Q57: Best Enterprise Logic, Best Critical Feedback | R57: =IF(A57="","",F57+G57+H57+I57+J57+L57) -> 75 | S57: =IFERROR(__xludf.dummyfunction("""COMPUTED_VALUE"""),"NHÓM 3") -> NHÓM 3 | T57: =IFERROR(__xludf.dummyfunction("""COMPUTED_VALUE"""),"NHÓM 5") -> NHÓM 5 | U57: =IFERROR(__xludf.dummyfunction("IF(B57="""","""",""Zone ""&IFERROR(VALUE(REGEXEXTRACT(TRIM(B57),""\d+"")),REGEXEXTRACT(TRIM(B57),""\d+"")))"),"Zone 4") -> Zone 4
A58: 46134.691 | B58: 5 | C58: 26 | D58: 25 | E58: AI Student Card 3 | F58: 9 | G58: 8 | H58: 16 | I58: 6 | J58: 8 | L58: 3 | M58: Chưa có | N58: Cần thực tế hơn | O58: Chi phí có đúng với thực tế | R58: =IF(A58="","",F58+G58+H58+I58+J58+L58) -> 50 | S58: =IFERROR(__xludf.dummyfunction("""COMPUTED_VALUE"""),"NHÓM 1") -> NHÓM 1 | T58: =IFERROR(__xludf.dummyfunction("""COMPUTED_VALUE"""),"NHÓM 2") -> NHÓM 2 | U58: =IFERROR(__xludf.dummyfunction("IF(B58="""","""",""Zone ""&IFERROR(VALUE(REGEXEXTRACT(TRIM(B58),""\d+"")),REGEXEXTRACT(TRIM(B58),""\d+"")))"),"Zone 5") -> Zone 5
A59: 46134.691 | B59: 5 | C59: 5 | D59: 2 | E59: AI student advisor | F59: 9 | G59: 8 | H59: 8 | I59: 6 | J59: 6 | L59: 3 | M59: Bài toán có paint point thực tế, tác động kinh doanh rõ ràng | N59: Trình bày về cost chưa logic | O59: Dựa vào đâu để xác định giảm tải công việc 70% và khả năng hoàn vốn từ 8-10 tháng | Q59: Best Enterprise Logic | R59: =IF(A59="","",F59+G59+H59+I59+J59+L59) -> 40 | S59: =IFERROR(__xludf.dummyfunction("""COMPUTED_VALUE"""),"NHÓM 2") -> NHÓM 2 | T59: =IFERROR(__xludf.dummyfunction("""COMPUTED_VALUE"""),"NHÓM 5") -> NHÓM 5 | U59: =IFERROR(__xludf.dummyfunction("IF(B59="""","""",""Zone ""&IFERROR(VALUE(REGEXEXTRACT(TRIM(B59),""\d+"")),REGEXEXTRACT(TRIM(B59),""\d+"")))"),"Zone 5") -> Zone 5
A60: 46134.692 | B60: Zone 2 | C60: Nhóm 12 | D60: Nhóm 8 | E60: ChainFSL Architecture | F60: 9 | G60: 16 | H60: 16 | I60: 12 | J60: 10 | L60: 5 | M60: Thuyết trình tốt, sử dụng kiến thức kĩ thuật để triển khai ra một hệ thống tốt | N60: Chưa làm rõ cost | O60: Các node hoạt động độc lập hay song song | Q60: Best Enterprise Logic, Best Critical Feedback | R60: =IF(A60="","",F60+G60+H60+I60+J60+L60) -> 68 | S60: =IFERROR(__xludf.dummyfunction("""COMPUTED_VALUE"""),"NHÓM 2") -> NHÓM 2 | T60: =IFERROR(__xludf.dummyfunction("""COMPUTED_VALUE"""),"NHÓM 6") -> NHÓM 6 | U60: =IFERROR(__xludf.dummyfunction("IF(B60="""","""",""Zone ""&IFERROR(VALUE(REGEXEXTRACT(TRIM(B60),""\d+"")),REGEXEXTRACT(TRIM(B60),""\d+"")))"),"Zone 2") -> Zone 2
A61: 46134.692 | B61: 3 | C61: 2 | D61: 1 | E61: Trợ lý hỗ trợ tìm kiếm lộ trình - VinBus | F61: 15 | G61: 20 | H61: 20 | I61: 15 | J61: 10 | L61: 5 | M61: Thông tin số liệu chính xác | N61: Cần cải thiện thêm feature khác vs các chatbot thông thường | O61: Tsao lại ý tưởng tích hợp chatbot trong khi các app map đang làm tốt? | Q61: Best Enterprise Logic, Best Cost Thinking, Best Track Recommendation, Best Critical Feedback | R61: =IF(A61="","",F61+G61+H61+I61+J61+L61) -> 85 | S61: =IFERROR(__xludf.dummyfunction("""COMPUTED_VALUE"""),"NHÓM 1") -> NHÓM 1 | T61: =IFERROR(__xludf.dummyfunction("""COMPUTED_VALUE"""),"NHÓM 2") -> NHÓM 2 | U61: =IFERROR(__xludf.dummyfunction("IF(B61="""","""",""Zone ""&IFERROR(VALUE(REGEXEXTRACT(TRIM(B61),""\d+"")),REGEXEXTRACT(TRIM(B61),""\d+"")))"),"Zone 3") -> Zone 3
A62: 46134.692 | B62: Zone 3 | C62: 6 | D62: 1 | E62: Vinbus route chatbot | F62: 9 | G62: 16 | H62: 12 | I62: 12 | J62: 6 | L62: 3 | M62: Có track realtime | N62: Motivation, impact chưa quá ý nghĩa | O62: Có gì mới so với các app hiện tại? | R62: =IF(A62="","",F62+G62+H62+I62+J62+L62) -> 58 | S62: =IFERROR(__xludf.dummyfunction("""COMPUTED_VALUE"""),"NHÓM 1") -> NHÓM 1 | T62: =IFERROR(__xludf.dummyfunction("""COMPUTED_VALUE"""),"NHÓM 6") -> NHÓM 6 | U62: =IFERROR(__xludf.dummyfunction("IF(B62="""","""",""Zone ""&IFERROR(VALUE(REGEXEXTRACT(TRIM(B62),""\d+"")),REGEXEXTRACT(TRIM(B62),""\d+"")))"),"Zone 3") -> Zone 3
A63: 46134.693 | B63: 4 | C63: 23 | D63: 34 | E63: Bank Operation Copilot | F63: 15 | G63: 20 | H63: 20 | I63: 15 | J63: 10 | L63: 4 | M63: Có kiến trúc rõ ràng, có kế hoạch triển khai dài hạn | N63: Nên có kế hoạch về chi phí dài hạn hơn nữa | O63: Nhóm đã thêm những metric nào để tăng độ reliability của chatbot? | R63: =IF(A63="","",F63+G63+H63+I63+J63+L63) -> 84 | S63: =IFERROR(__xludf.dummyfunction("""COMPUTED_VALUE"""),"NHÓM 4") -> NHÓM 4 | T63: =IFERROR(__xludf.dummyfunction("""COMPUTED_VALUE"""),"NHÓM 5") -> NHÓM 5 | U63: =IFERROR(__xludf.dummyfunction("IF(B63="""","""",""Zone ""&IFERROR(VALUE(REGEXEXTRACT(TRIM(B63),""\d+"")),REGEXEXTRACT(TRIM(B63),""\d+"")))"),"Zone 4") -> Zone 4
A64: 46134.693 | B64: Zone 4 | C64: Nhóm 19 | D64: Nhóm 21 | E64: Trợ Lý hỗ trợ vận hành ngân hàng nội bộ | F64: 15 | G64: 20 | H64: 16 | I64: 15 | J64: 10 | L64: 5 | M64: Trình bày rõ ràng | N64: Cải thiện phần chi phí, chưa làm rõ được | O64: Cách bảo mật dữ liệu nội bộ của các bạn có gì đặc biệt | Q64: Best Track Recommendation, Best Critical Feedback | R64: =IF(A64="","",F64+G64+H64+I64+J64+L64) -> 81 | S64: =IFERROR(__xludf.dummyfunction("""COMPUTED_VALUE"""),"NHÓM 3") -> NHÓM 3 | T64: =IFERROR(__xludf.dummyfunction("""COMPUTED_VALUE"""),"NHÓM 1") -> NHÓM 1 | U64: =IFERROR(__xludf.dummyfunction("IF(B64="""","""",""Zone ""&IFERROR(VALUE(REGEXEXTRACT(TRIM(B64),""\d+"")),REGEXEXTRACT(TRIM(B64),""\d+"")))"),"Zone 4") -> Zone 4
A65: 46134.693 | B65: Zone 3 | C65: Nhóm 4 | D65: Nhóm 1 | E65: Trợ lý tìm đường Vin Bus | F65: 9 | G65: 16 | H65: 16 | I65: 12 | J65: 8 | L65: 4 | M65: Slide sạch đẹp | N65: Cost (Nếu chỉ tập trung Việt Nam thì có thể giảm cost bằng thông tin bus của Việt Nam vừa chi tiết hơn vừa tốt hơn google Maps) | O65: Chatbot để làm gì. Khi nếu có 10 điểm thì cũng không mất quá nhiều thời gian | Q65: Best Enterprise Logic, Best Cost Thinking, Best Critical Feedback | R65: =IF(A65="","",F65+G65+H65+I65+J65+L65) -> 65 | S65: =IFERROR(__xludf.dummyfunction("""COMPUTED_VALUE"""),"NHÓM 1") -> NHÓM 1 | T65: =IFERROR(__xludf.dummyfunction("""COMPUTED_VALUE"""),"NHÓM 4") -> NHÓM 4 | U65: =IFERROR(__xludf.dummyfunction("IF(B65="""","""",""Zone ""&IFERROR(VALUE(REGEXEXTRACT(TRIM(B65),""\d+"")),REGEXEXTRACT(TRIM(B65),""\d+"")))"),"Zone 3") -> Zone 3
A66: 46134.693 | B66: Zone 2 | C66: Nhóm 11 | D66: Nhóm 8 | E66: ChainFSL Architecture - hạ tầng AI phi tập trung cho y tế | F66: 12 | G66: 12 | H66: 12 | I66: 9 | J66: 8 | L66: 4 | M66: đề tài thú vị, trình bày tốt và đầy đủ lý thuyết, thông tin chi tiết, có chiều sâu | N66: chi phí tính toán cho bảo mật rất cao - dự án này cần phải chỉnh sửa cost cho chính xác hơn | O66: làm sao hệ thống xử lý được tình trạng nghẽn mạng blockchain và đảm bảo độ chính xác của AI khi số lượng bệnh viện lớn | R66: =IF(A66="","",F66+G66+H66+I66+J66+L66) -> 57 | S66: =IFERROR(__xludf.dummyfunction("""COMPUTED_VALUE"""),"NHÓM 2") -> NHÓM 2 | T66: =IFERROR(__xludf.dummyfunction("""COMPUTED_VALUE"""),"NHÓM 5") -> NHÓM 5 | U66: =IFERROR(__xludf.dummyfunction("IF(B66="""","""",""Zone ""&IFERROR(VALUE(REGEXEXTRACT(TRIM(B66),""\d+"")),REGEXEXTRACT(TRIM(B66),""\d+"")))"),"Zone 2") -> Zone 2
A67: 46134.693 | B67: 2 | C67: Nhóm 9 | D67: Nhóm 8 | E67: ChainFSL Architecture | F67: 15 | G67: 16 | H67: 16 | I67: 12 | J67: 10 | L67: 4 | M67: Ý tưởng mới, đào sâu vào lõi mô hình | N67: Kế hoạch triển khai chưa đủ đáng tin cậy, ở mức nghiên cứu | O67: Không | Q67: Best Enterprise Logic | R67: =IF(A67="","",F67+G67+H67+I67+J67+L67) -> 73 | S67: =IFERROR(__xludf.dummyfunction("""COMPUTED_VALUE"""),"NHÓM 2") -> NHÓM 2 | T67: =IFERROR(__xludf.dummyfunction("""COMPUTED_VALUE"""),"NHÓM 3") -> NHÓM 3 | U67: =IFERROR(__xludf.dummyfunction("IF(B67="""","""",""Zone ""&IFERROR(VALUE(REGEXEXTRACT(TRIM(B67),""\d+"")),REGEXEXTRACT(TRIM(B67),""\d+"")))"),"Zone 2") -> Zone 2
A68: 46134.693 | B68: 4 | C68: 34 | D68: 21 | E68: Bank | F68: 15 | G68: 20 | H68: 20 | I68: 15 | J68: 10 | L68: 5 | M68: Trình bày rõ ràngc giọng hay, scale tốt, tối ưu chi phí | N68: Ko có | O68: Tính cost cụ thể như nào? Bảo mật như nào???? | Q68: Best Enterprise Logic, Best Cost Thinking, Best Reliability Mindset, Best Track Recommendation, Best Critical Feedback | R68: =IF(A68="","",F68+G68+H68+I68+J68+L68) -> 85 | S68: =IFERROR(__xludf.dummyfunction("""COMPUTED_VALUE"""),"NHÓM 3") -> NHÓM 3 | T68: =IFERROR(__xludf.dummyfunction("""COMPUTED_VALUE"""),"NHÓM 4") -> NHÓM 4 | U68: =IFERROR(__xludf.dummyfunction("IF(B68="""","""",""Zone ""&IFERROR(VALUE(REGEXEXTRACT(TRIM(B68),""\d+"")),REGEXEXTRACT(TRIM(B68),""\d+"")))"),"Zone 4") -> Zone 4
A69: 46134.694 | B69: Zone 1 | C69: Nhóm 3 | D69: Nhóm 1 | E69: Hệ thống AI tra cứu thủ tục hành chính cấp quốc gia | F69: 12 | G69: 12 | H69: 12 | I69: 9 | J69: 10 | L69: 5 | M69: Hiểu rõ bài toán, có thể thuyết trình và phản biện lưu loát | N69: Reliability | O69: Thắc mắc vì sao cần redact những thông tin như “ly hôn, sinh con” -> redact thông tin không cần thiết gây tổn thất chi phí. Không chọn cloud nước ngoài mà chọn cloud region VN vì lí do bảo mật -> lý do? | Q69: Best Enterprise Logic | R69: =IF(A69="","",F69+G69+H69+I69+J69+L69) -> 60 | S69: =IFERROR(__xludf.dummyfunction("""COMPUTED_VALUE"""),"NHÓM 1") -> NHÓM 1 | T69: =IFERROR(__xludf.dummyfunction("""COMPUTED_VALUE"""),"NHÓM 3") -> NHÓM 3 | U69: =IFERROR(__xludf.dummyfunction("IF(B69="""","""",""Zone ""&IFERROR(VALUE(REGEXEXTRACT(TRIM(B69),""\d+"")),REGEXEXTRACT(TRIM(B69),""\d+"")))"),"Zone 1") -> Zone 1
A70: 46134.695 | B70: Zone 4 | C70: Nhóm 19 | D70: Nhóm 20 | E70: Trợ lý ảo xanh SM | F70: 15 | G70: 20 | H70: 20 | I70: 15 | J70: 8 | L70: 5 | M70: Làm rõ được use case, trình bày mạch lạc | N70: Cần cải thiện về cost, vì với ước tính như thế thì rất khó để thành công trong dự án | O70: Cách bảo mật dữ liệu cho tài xế XanhSM | Q70: Best Track Recommendation, Best Critical Feedback | R70: =IF(A70="","",F70+G70+H70+I70+J70+L70) -> 83 | S70: =IFERROR(__xludf.dummyfunction("""COMPUTED_VALUE"""),"NHÓM 2") -> NHÓM 2 | T70: =IFERROR(__xludf.dummyfunction("""COMPUTED_VALUE"""),"NHÓM 1") -> NHÓM 1 | U70: =IFERROR(__xludf.dummyfunction("IF(B70="""","""",""Zone ""&IFERROR(VALUE(REGEXEXTRACT(TRIM(B70),""\d+"")),REGEXEXTRACT(TRIM(B70),""\d+"")))"),"Zone 4") -> Zone 4
A71: 46134.696 | B71: Zone 3 | C71: Nhóm 3 | D71: 5 | E71: Vinbus Route Chatbot | F71: 9 | G71: 16 | H71: 16 | I71: 12 | J71: 10 | L71: 5 | M71: Trình bày tốt | N71: Deployment không khả thi | O71: Liệu có ứng dụng thực tế | Q71: Best Reliability Mindset | R71: =IF(A71="","",F71+G71+H71+I71+J71+L71) -> 68 | S71: =IFERROR(__xludf.dummyfunction("""COMPUTED_VALUE"""),"NHÓM 5") -> NHÓM 5 | T71: =IFERROR(__xludf.dummyfunction("""COMPUTED_VALUE"""),"NHÓM 3") -> NHÓM 3 | U71: =IFERROR(__xludf.dummyfunction("IF(B71="""","""",""Zone ""&IFERROR(VALUE(REGEXEXTRACT(TRIM(B71),""\d+"")),REGEXEXTRACT(TRIM(B71),""\d+"")))"),"Zone 3") -> Zone 3
A72: 46134.698 | B72: Zone 5 | C72: Nhóm 1 | D72: Nhóm 3 | E72: University admissions and student support agent | F72: 15 | G72: 20 | H72: 20 | I72: 12 | J72: 8 | L72: 4 | M72: Kiến trúc rõ ràng, slide clear | N72: cost, chưa clear vì chi phí mvp và chi phí production chưa kỹ | O72: nguồn dữ liệu thu thập sẽ triển khai như thế nào | Q72: Best Enterprise Logic, Best Cost Thinking, Best Track Recommendation | R72: =IF(A72="","",F72+G72+H72+I72+J72+L72) -> 79 | S72: =IFERROR(__xludf.dummyfunction("""COMPUTED_VALUE"""),"NHÓM 3") -> NHÓM 3 | T72: =IFERROR(__xludf.dummyfunction("""COMPUTED_VALUE"""),"NHÓM 1") -> NHÓM 1 | U72: =IFERROR(__xludf.dummyfunction("IF(B72="""","""",""Zone ""&IFERROR(VALUE(REGEXEXTRACT(TRIM(B72),""\d+"")),REGEXEXTRACT(TRIM(B72),""\d+"")))"),"Zone 5") -> Zone 5
A73: 46134.698 | B73: 2 | C73: Nhóm 10 | D73: Nhóm 8 | E73: ChainFSL Architecture | F73: 12 | G73: 16 | H73: 16 | I73: 12 | J73: 8 | L73: 5 | M73: Nhóm có tiếp cận theo huớng nghiên cứu công nghệ chuyên sâu, tìm hiểu rõ lý thuyết, hạn chế và có báo support | N73: Đề tài của nhóm theo huớng triển khai kỹ thuật công nghệ chuyên sâu, vuợt quá phạm vi của nhóm chấm điểm nên chưa có nhận xét | Q73: Best Enterprise Logic | R73: =IF(A73="","",F73+G73+H73+I73+J73+L73) -> 69 | S73: =IFERROR(__xludf.dummyfunction("""COMPUTED_VALUE"""),"NHÓM 2") -> NHÓM 2 | T73: =IFERROR(__xludf.dummyfunction("""COMPUTED_VALUE"""),"NHÓM 4") -> NHÓM 4 | U73: =IFERROR(__xludf.dummyfunction("IF(B73="""","""",""Zone ""&IFERROR(VALUE(REGEXEXTRACT(TRIM(B73),""\d+"")),REGEXEXTRACT(TRIM(B73),""\d+"")))"),"Zone 2") -> Zone 2
A74: 46134.698 | B74: Zone 3 | C74: Nhóm 1 | D74: Nhóm 3 | E74: Hópital support | F74: 15 | G74: 20 | H74: 20 | I74: 15 | J74: 10 | L74: 5 | M74: Số liệu thực tế | N74: Tính token cần kỹ hơn, thiếu chi phí con người | O74: Quy trình tính token | Q74: Best Enterprise Logic, Best Cost Thinking, Best Reliability Mindset, Best Track Recommendation, Best Critical Feedback | R74: =IF(A74="","",F74+G74+H74+I74+J74+L74) -> 85 | S74: =IFERROR(__xludf.dummyfunction("""COMPUTED_VALUE"""),"NHÓM 3") -> NHÓM 3 | T74: =IFERROR(__xludf.dummyfunction("""COMPUTED_VALUE"""),"NHÓM 1") -> NHÓM 1 | U74: =IFERROR(__xludf.dummyfunction("IF(B74="""","""",""Zone ""&IFERROR(VALUE(REGEXEXTRACT(TRIM(B74),""\d+"")),REGEXEXTRACT(TRIM(B74),""\d+"")))"),"Zone 3") -> Zone 3
A75: 46134.699 | B75: Zone 1 | C75: Nhóm 3 | D75: Nhóm 1 | E75: AI cho bệnh viện | F75: 12 | G75: 16 | H75: 16 | I75: 12 | J75: 8 | L75: 4 | M75: Có định hướng kỹ thuật rõ ràng | N75: Cần nêu rõ phần cost | O75: Làm sao đảm bảo quyền riêng tư của bệnh nhân? | R75: =IF(A75="","",F75+G75+H75+I75+J75+L75) -> 68 | S75: =IFERROR(__xludf.dummyfunction("""COMPUTED_VALUE"""),"NHÓM 1") -> NHÓM 1 | T75: =IFERROR(__xludf.dummyfunction("""COMPUTED_VALUE"""),"NHÓM 3") -> NHÓM 3 | U75: =IFERROR(__xludf.dummyfunction("IF(B75="""","""",""Zone ""&IFERROR(VALUE(REGEXEXTRACT(TRIM(B75),""\d+"")),REGEXEXTRACT(TRIM(B75),""\d+"")))"),"Zone 1") -> Zone 1
A76: 46134.699 | B76: Zone 5 | C76: E6 | D76: E3 | E76: Hỗ trợ sinh viên | F76: 9 | G76: 12 | H76: 12 | I76: 9 | J76: 6 | L76: 3 | M76: Có thể tối ưu được chi phí và nhân lực | N76: Trong mvp không cần triển khai task quá nặng | O76: Không | Q76: Best Cost Thinking | R76: =IF(A76="","",F76+G76+H76+I76+J76+L76) -> 51 | S76: =IFERROR(__xludf.dummyfunction("""COMPUTED_VALUE"""),"NHÓM 3") -> NHÓM 3 | T76: =IFERROR(__xludf.dummyfunction("""COMPUTED_VALUE"""),"NHÓM 6") -> NHÓM 6 | U76: =IFERROR(__xludf.dummyfunction("IF(B76="""","""",""Zone ""&IFERROR(VALUE(REGEXEXTRACT(TRIM(B76),""\d+"")),REGEXEXTRACT(TRIM(B76),""\d+"")))"),"Zone 5") -> Zone 5
A77: 46134.699 | B77: Zone 1 | C77: Nhóm 6 | D77: Nhóm 2 | E77: Y tế | F77: 9 | G77: 16 | H77: 8 | I77: 12 | J77: 10 | L77: 4 | M77: Bối cảnh dễ hiểu (phần bối cảnh) | N77: Tính toán chi phí và luồng hệ thống còn chưa rõ ràng (phần cost) | O77: Phần thuyết trình nên nêu rõ giả định chi phí tốn bao nhiêu và khi tối ưu giảm còn bao nhiêu | Q77: Best Critical Feedback | R77: =IF(A77="","",F77+G77+H77+I77+J77+L77) -> 59 | S77: =IFERROR(__xludf.dummyfunction("""COMPUTED_VALUE"""),"NHÓM 2") -> NHÓM 2 | T77: =IFERROR(__xludf.dummyfunction("""COMPUTED_VALUE"""),"NHÓM 6") -> NHÓM 6 | U77: =IFERROR(__xludf.dummyfunction("IF(B77="""","""",""Zone ""&IFERROR(VALUE(REGEXEXTRACT(TRIM(B77),""\d+"")),REGEXEXTRACT(TRIM(B77),""\d+"")))"),"Zone 1") -> Zone 1
A78: 46134.699 | B78: 5 | C78: Nhóm 4 | D78: Nhóm 3 | E78: University admissions & student support agent | F78: 12 | G78: 12 | H78: 16 | I78: 9 | J78: 6 | L78: 4 | M78: Kiến trúc hybird | N78: Mvp chưa hợp lý | O78: Về chi phí hoàn thành dự án | R78: =IF(A78="","",F78+G78+H78+I78+J78+L78) -> 59 | S78: =IFERROR(__xludf.dummyfunction("""COMPUTED_VALUE"""),"NHÓM 3") -> NHÓM 3 | T78: =IFERROR(__xludf.dummyfunction("""COMPUTED_VALUE"""),"NHÓM 4") -> NHÓM 4 | U78: =IFERROR(__xludf.dummyfunction("IF(B78="""","""",""Zone ""&IFERROR(VALUE(REGEXEXTRACT(TRIM(B78),""\d+"")),REGEXEXTRACT(TRIM(B78),""\d+"")))"),"Zone 5") -> Zone 5
A79: 46134.7 | B79: Zone 5 | C79: Nhóm 33 | D79: Nhóm 3 | E79: UniAdmin AI | F79: 12 | G79: 16 | H79: 16 | I79: 15 | J79: 8 | L79: 4 | M79: Trình bày rõ ràng, slide minh họa tốt | N79: Không xác định cụ thể ROI của sản phẩm là gì | O79: Bạn có tham khảo chi phí bảo trì của các dự án AI tương tự như dự án bạn chưa? | R79: =IF(A79="","",F79+G79+H79+I79+J79+L79) -> 71 | S79: =IFERROR(__xludf.dummyfunction("""COMPUTED_VALUE"""),"NHÓM 3") -> NHÓM 3 | T79: =IFERROR(__xludf.dummyfunction("""COMPUTED_VALUE"""),"NHÓM 3") -> NHÓM 3 | U79: =IFERROR(__xludf.dummyfunction("IF(B79="""","""",""Zone ""&IFERROR(VALUE(REGEXEXTRACT(TRIM(B79),""\d+"")),REGEXEXTRACT(TRIM(B79),""\d+"")))"),"Zone 5") -> Zone 5
A80: 46134.7 | B80: Zone 5 | C80: Nhóm 5 | D80: Nhóm 3 | E80: UniAdminAI | F80: 9 | G80: 8 | H80: 12 | I80: 12 | J80: 6 | L80: 4 | M80: Trình bày và trả lời mạch lạc, phần cost tính cụ thể | N80: Phần kiến trúc, data chưa trình bày chi tiết | O80: Khả năng triển khai thực tế như thế nào, kiến trúc hệ thống có đáp | Q80: Best Cost Thinking | R80: =IF(A80="","",F80+G80+H80+I80+J80+L80) -> 51 | S80: =IFERROR(__xludf.dummyfunction("""COMPUTED_VALUE"""),"NHÓM 3") -> NHÓM 3 | T80: =IFERROR(__xludf.dummyfunction("""COMPUTED_VALUE"""),"NHÓM 5") -> NHÓM 5 | U80: =IFERROR(__xludf.dummyfunction("IF(B80="""","""",""Zone ""&IFERROR(VALUE(REGEXEXTRACT(TRIM(B80),""\d+"")),REGEXEXTRACT(TRIM(B80),""\d+"")))"),"Zone 5") -> Zone 5
A81: 46134.7 | B81: Zone 1 | C81: Nhóm 1 | D81: Nhóm 3 | E81: Agent tuyển sinh và hỗ trợ sinh viên | F81: 6 | G81: 16 | H81: 20 | I81: 12 | J81: 10 | L81: 4 | M81: Cơ chế phục hồi , hệ thống có nhiều giải pháp lúc gặp sự cố, sập API | N81: Cost cao, thật sự cần thiết để sử dụng hỗ trợ cho tân sinh viên hay không | O81: Agent này có thật sự thiết thực hay không, tại vì có thể dùng FAQ... | Q81: Best Enterprise Logic | R81: =IF(A81="","",F81+G81+H81+I81+J81+L81) -> 68 | S81: =IFERROR(__xludf.dummyfunction("""COMPUTED_VALUE"""),"NHÓM 3") -> NHÓM 3 | T81: =IFERROR(__xludf.dummyfunction("""COMPUTED_VALUE"""),"NHÓM 1") -> NHÓM 1 | U81: =IFERROR(__xludf.dummyfunction("IF(B81="""","""",""Zone ""&IFERROR(VALUE(REGEXEXTRACT(TRIM(B81),""\d+"")),REGEXEXTRACT(TRIM(B81),""\d+"")))"),"Zone 1") -> Zone 1
A82: 46134.701 | B82: Zone 5 | C82: Nhóm 1 | D82: Nhóm 3 | E82: Hỗ trợ sinh viên | F82: 15 | G82: 20 | H82: 20 | I82: 15 | J82: 10 | L82: 4 | M82: 3 lớp tối ưu chuyên biệt thiết kế rõ ràng, phân chia công việc cụ thể | N82: Mvp không cần triển khai stack quá nặng | O82: Cost của nhóm bạn có chi phí ẩn nhưng những chi phí ẩn đấy thì có thay đổi không và có cách nào giảm không | Q82: Best Cost Thinking, Best Reliability Mindset, Best Track Recommendation | R82: =IF(A82="","",F82+G82+H82+I82+J82+L82) -> 84 | S82: =IFERROR(__xludf.dummyfunction("""COMPUTED_VALUE"""),"NHÓM 3") -> NHÓM 3 | T82: =IFERROR(__xludf.dummyfunction("""COMPUTED_VALUE"""),"NHÓM 1") -> NHÓM 1 | U82: =IFERROR(__xludf.dummyfunction("IF(B82="""","""",""Zone ""&IFERROR(VALUE(REGEXEXTRACT(TRIM(B82),""\d+"")),REGEXEXTRACT(TRIM(B82),""\d+"")))"),"Zone 5") -> Zone 5
A83: 46134.701 | B83: Zone 2 | C83: E1 | D83: E2 | E83: ChainFSL | F83: 15 | G83: 20 | H83: 20 | I83: 15 | J83: 10 | L83: 5 | M83: Kien truc trien khai | N83: Cost optimization | O83: Các node có phải trigger training cùng lúc ko | Q83: Best Reliability Mindset, Best Track Recommendation | R83: =IF(A83="","",F83+G83+H83+I83+J83+L83) -> 85 | S83: =IFERROR(__xludf.dummyfunction("""COMPUTED_VALUE"""),"NHÓM 2") -> NHÓM 2 | T83: =IFERROR(__xludf.dummyfunction("""COMPUTED_VALUE"""),"NHÓM 1") -> NHÓM 1 | U83: =IFERROR(__xludf.dummyfunction("IF(B83="""","""",""Zone ""&IFERROR(VALUE(REGEXEXTRACT(TRIM(B83),""\d+"")),REGEXEXTRACT(TRIM(B83),""\d+"")))"),"Zone 2") -> Zone 2
A84: 46134.702 | B84: Zone 1 | C84: Nhóm 6 | D84: Nhóm 3 | E84: AI Agent tuyển sinh và hỗ trợ sinh viên | F84: 12 | G84: 8 | H84: 16 | I84: 15 | J84: 8 | L84: 4 | M84: solution về cost opti tốt | N84: chưa nói rõ về scalling | O84: Không | Q84: Best Cost Thinking | R84: =IF(A84="","",F84+G84+H84+I84+J84+L84) -> 63 | S84: =IFERROR(__xludf.dummyfunction("""COMPUTED_VALUE"""),"NHÓM 3") -> NHÓM 3 | T84: =IFERROR(__xludf.dummyfunction("""COMPUTED_VALUE"""),"NHÓM 6") -> NHÓM 6 | U84: =IFERROR(__xludf.dummyfunction("IF(B84="""","""",""Zone ""&IFERROR(VALUE(REGEXEXTRACT(TRIM(B84),""\d+"")),REGEXEXTRACT(TRIM(B84),""\d+"")))"),"Zone 1") -> Zone 1
A85: 46134.703 | B85: Zone 1 | C85: Nhóm 2 | D85: Nhóm 1 | E85: Trợ lý AI hộ trợ lâm sáng bệnh viện | F85: 15 | G85: 16 | H85: 20 | I85: 15 | J85: 10 | L85: 5 | M85: Team trình bày rõ ràng. Ý tưởng tốt | N85: Team cân cải thiện phần flow của hệ thống | O85: Tính khả thi thì của Ý tưởng. Roi có cáo không. | Q85: Best Enterprise Logic, Best Cost Thinking, Best Reliability Mindset, Best Critical Feedback | R85: =IF(A85="","",F85+G85+H85+I85+J85+L85) -> 81 | S85: =IFERROR(__xludf.dummyfunction("""COMPUTED_VALUE"""),"NHÓM 1") -> NHÓM 1 | T85: =IFERROR(__xludf.dummyfunction("""COMPUTED_VALUE"""),"NHÓM 2") -> NHÓM 2 | U85: =IFERROR(__xludf.dummyfunction("IF(B85="""","""",""Zone ""&IFERROR(VALUE(REGEXEXTRACT(TRIM(B85),""\d+"")),REGEXEXTRACT(TRIM(B85),""\d+"")))"),"Zone 1") -> Zone 1
A86: 46134.704 | B86: Zone 1 | C86: Nhóm 5 | D86: Nhóm 1 | E86: Trợ lý AI Hỗ trợ Lâm sàng Bệnh viện | F86: 12 | G86: 16 | H86: 16 | I86: 12 | J86: 8 | L86: 4 | M86: Có idea tốt trong việc áp dụng Agent vào trong chuẩn đoán bệnh lâm sàng | N86: Nên dùng con AI xịn hơn để chuẩn đoán bệnh, nếu mà chuẩn đoán bệnh sai thì là 1 rủi ro cũng như tổn thất lớn đói với bệnh viện và người nhà bệnh nhân | O86: Agent này support cho một bệnh viện hay là cho nhiều bệnh viện khác, và nếu như mà con AI nó chuẩn đoán bệnh sai thì sao | Q86: Best Enterprise Logic, Best Reliability Mindset | R86: =IF(A86="","",F86+G86+H86+I86+J86+L86) -> 68 | S86: =IFERROR(__xludf.dummyfunction("""COMPUTED_VALUE"""),"NHÓM 1") -> NHÓM 1 | T86: =IFERROR(__xludf.dummyfunction("""COMPUTED_VALUE"""),"NHÓM 5") -> NHÓM 5 | U86: =IFERROR(__xludf.dummyfunction("IF(B86="""","""",""Zone ""&IFERROR(VALUE(REGEXEXTRACT(TRIM(B86),""\d+"")),REGEXEXTRACT(TRIM(B86),""\d+"")))"),"Zone 1") -> Zone 1
A87: 46134.705 | B87: Zone 1 | C87: Nhóm 5 | D87: Nhóm 3 | E87: AI Agent hỗ trợ tuyển sinh | F87: 15 | G87: 16 | H87: 12 | I87: 12 | J87: 8 | L87: 4 | M87: Trình bày chi tiết cụ thể các mục trong yêu cầu: Bối cảnh, Cost, Kiến trúc, Scale | N87: Về phần cost còn khá chung chung, 300-500 đô một tháng chưa bóc cost ra từng phần chi tiết | O87: Có nhất thiết phải dùng Chatbot khi hầu hết tất cả các trang web tuyển sinh đều chứa đủ thông tin public và FAQ đầy đủ | Q87: Best Enterprise Logic | R87: =IF(A87="","",F87+G87+H87+I87+J87+L87) -> 67 | S87: =IFERROR(__xludf.dummyfunction("""COMPUTED_VALUE"""),"NHÓM 3") -> NHÓM 3 | T87: =IFERROR(__xludf.dummyfunction("""COMPUTED_VALUE"""),"NHÓM 5") -> NHÓM 5 | U87: =IFERROR(__xludf.dummyfunction("IF(B87="""","""",""Zone ""&IFERROR(VALUE(REGEXEXTRACT(TRIM(B87),""\d+"")),REGEXEXTRACT(TRIM(B87),""\d+"")))"),"Zone 1") -> Zone 1
A88: 46134.705 | B88: Zone 1 | C88: Nhóm 2 | D88: Nhóm 3 | E88: AI Agent tuyển sinh & hỗ trợ sinh viên | F88: 12 | G88: 8 | H88: 12 | I88: 12 | J88: 4 | L88: 4 | M88: Nhóm có slide trình bày rõ ràng, cụ thể, thể hiện rõ ý tưởng của nhóm, các phần khác đều nằm ở mức chung chung, chưa có ấn tượng nhiều | N88: Phần mở rộng hệ thống (scaling), vì nhóm chưa trình bày rõ phần này cũng như chưa đưa ra một chiến lược cụ thể | O88: Nhóm chưa trình bày rõ về vấn đề scale, mình muốn hỏi nhóm định hướng phần mở rộng hệ thống như thế nào? | R88: =IF(A88="","",F88+G88+H88+I88+J88+L88) -> 52 | S88: =IFERROR(__xludf.dummyfunction("""COMPUTED_VALUE"""),"NHÓM 3") -> NHÓM 3 | T88: =IFERROR(__xludf.dummyfunction("""COMPUTED_VALUE"""),"NHÓM 2") -> NHÓM 2 | U88: =IFERROR(__xludf.dummyfunction("IF(B88="""","""",""Zone ""&IFERROR(VALUE(REGEXEXTRACT(TRIM(B88),""\d+"")),REGEXEXTRACT(TRIM(B88),""\d+"")))"),"Zone 1") -> Zone 1
A89: 46134.706 | B89: Zone 2 | C89: Nhóm 7 | D89: Nhóm 10 | E89: Vinmec Enterprise Readiness review | F89: 12 | G89: 16 | H89: 16 | I89: 12 | J89: 8 | L89: 4 | M89: Trình bày rõ ràng, đủ nội dung, nêu rõ được cấu trúc sử dụng | N89: Cải thiện thêm vểtack | O89: Nếu user tăng lên 5x lần thì chi phí nào sẽ tăng mạnh | Q89: Best Enterprise Logic, Best Cost Thinking, Best Reliability Mindset | R89: =IF(A89="","",F89+G89+H89+I89+J89+L89) -> 68 | S89: =IFERROR(__xludf.dummyfunction("""COMPUTED_VALUE"""),"NHÓM 4") -> NHÓM 4 | T89: =IFERROR(__xludf.dummyfunction("""COMPUTED_VALUE"""),"NHÓM 1") -> NHÓM 1 | U89: =IFERROR(__xludf.dummyfunction("IF(B89="""","""",""Zone ""&IFERROR(VALUE(REGEXEXTRACT(TRIM(B89),""\d+"")),REGEXEXTRACT(TRIM(B89),""\d+"")))"),"Zone 2") -> Zone 2
A90: 46134.706 | B90: Zone 2 | C90: Nhóm 2 | D90: Nhóm 4 | E90: Vinmec Maternity Chatbot | F90: 12 | G90: 20 | H90: 16 | I90: 15 | J90: 10 | L90: 4 | M90: nhóm trình bày đủ tiêu chí | N90: cost analysis còn thiếu Growth | O90: không có | Q90: Best Track Recommendation | R90: =IF(A90="","",F90+G90+H90+I90+J90+L90) -> 77 | S90: =IFERROR(__xludf.dummyfunction("""COMPUTED_VALUE"""),"NHÓM 4") -> NHÓM 4 | T90: =IFERROR(__xludf.dummyfunction("""COMPUTED_VALUE"""),"NHÓM 2") -> NHÓM 2 | U90: =IFERROR(__xludf.dummyfunction("IF(B90="""","""",""Zone ""&IFERROR(VALUE(REGEXEXTRACT(TRIM(B90),""\d+"")),REGEXEXTRACT(TRIM(B90),""\d+"")))"),"Zone 2") -> Zone 2
A91: 46134.706 | B91: Zone 2 | C91: Nhóm 12 | D91: Nhóm 10 | E91: VinMec Matenty Chatbot | F91: 12 | G91: 12 | H91: 16 | I91: 15 | J91: 8 | L91: 4 | M91: Thuyết trình hay, slide rõ ràng đầy đủ nội dung. Có những usecase thực tế phù hợp | N91: Độ phức tạp trong bảo trì | O91: Không có | Q91: Best Cost Thinking, Best Reliability Mindset | R91: =IF(A91="","",F91+G91+H91+I91+J91+L91) -> 67 | S91: =IFERROR(__xludf.dummyfunction("""COMPUTED_VALUE"""),"NHÓM 4") -> NHÓM 4 | T91: =IFERROR(__xludf.dummyfunction("""COMPUTED_VALUE"""),"NHÓM 6") -> NHÓM 6 | U91: =IFERROR(__xludf.dummyfunction("IF(B91="""","""",""Zone ""&IFERROR(VALUE(REGEXEXTRACT(TRIM(B91),""\d+"")),REGEXEXTRACT(TRIM(B91),""\d+"")))"),"Zone 2") -> Zone 2
A92: 46134.706 | B92: Zone 3 | C92: 6 | D92: 3 | E92: Hospital clinic support assistant | F92: 15 | G92: 16 | H92: 20 | I92: 9 | J92: 8 | L92: 4 | M92: Nghiên cứu cost kĩ | N92: Reliability cần chi tiết hơn. | O92: Chưa có. | R92: =IF(A92="","",F92+G92+H92+I92+J92+L92) -> 72 | S92: =IFERROR(__xludf.dummyfunction("""COMPUTED_VALUE"""),"NHÓM 3") -> NHÓM 3 | T92: =IFERROR(__xludf.dummyfunction("""COMPUTED_VALUE"""),"NHÓM 6") -> NHÓM 6 | U92: =IFERROR(__xludf.dummyfunction("IF(B92="""","""",""Zone ""&IFERROR(VALUE(REGEXEXTRACT(TRIM(B92),""\d+"")),REGEXEXTRACT(TRIM(B92),""\d+"")))"),"Zone 3") -> Zone 3
A93: 46134.706 | B93: Zone 6 | C93: Nhóm 32 | D93: Nhóm 31 | E93: VinmecCare AI Agent | F93: 12 | G93: 16 | H93: 20 | I93: 15 | J93: 8 | L93: 5 | M93: Có tracing cụ thể và token caching, giúp dễ quản lý cost, có demo | N93: Mặc dù có guardrail nhưng không giải thích được kĩ về các layer của guardrail đó làm gì | O93: Nếu người dùng spam đặt phòng thì chống kiểu gì? | Q93: Best Cost Thinking | R93: =IF(A93="","",F93+G93+H93+I93+J93+L93) -> 76 | S93: =IFERROR(__xludf.dummyfunction("""COMPUTED_VALUE"""),"NHÓM 1") -> NHÓM 1 | T93: =IFERROR(__xludf.dummyfunction("""COMPUTED_VALUE"""),"NHÓM 2") -> NHÓM 2 | U93: =IFERROR(__xludf.dummyfunction("IF(B93="""","""",""Zone ""&IFERROR(VALUE(REGEXEXTRACT(TRIM(B93),""\d+"")),REGEXEXTRACT(TRIM(B93),""\d+"")))"),"Zone 6") -> Zone 6
A94: 46134.706 | B94: Zone 5 | C94: E6 | D94: E4 | E94: Tư vấn xe | F94: 12 | G94: 16 | H94: 12 | I94: 12 | J94: 8 | L94: 4 | M94: Logic chi tiết | N94: Không | O94: Không | Q94: Best Enterprise Logic | R94: =IF(A94="","",F94+G94+H94+I94+J94+L94) -> 64 | S94: =IFERROR(__xludf.dummyfunction("""COMPUTED_VALUE"""),"NHÓM 4") -> NHÓM 4 | T94: =IFERROR(__xludf.dummyfunction("""COMPUTED_VALUE"""),"NHÓM 6") -> NHÓM 6 | U94: =IFERROR(__xludf.dummyfunction("IF(B94="""","""",""Zone ""&IFERROR(VALUE(REGEXEXTRACT(TRIM(B94),""\d+"")),REGEXEXTRACT(TRIM(B94),""\d+"")))"),"Zone 5") -> Zone 5
A95: 46134.706 | B95: Zone 2 | C95: Nhóm 11 | D95: Nhóm 10 | E95: Vinmec | F95: 9 | G95: 12 | H95: 16 | I95: 9 | J95: 6 | L95: 3 | M95: hybrid thông minh và tối ưu chi phí rõ ràng, xử lý rủi ro tốt | N95: phụ thuộc vào LLM => rủi ro về dữ liệu cá nhân phức tạp cho bảo trì | O95: giải quyết bài toán cache invalidation thế nào để tránh chatbot trả về thông tin giá cả cũ cho người dùng | R95: =IF(A95="","",F95+G95+H95+I95+J95+L95) -> 55 | S95: =IFERROR(__xludf.dummyfunction("""COMPUTED_VALUE"""),"NHÓM 4") -> NHÓM 4 | T95: =IFERROR(__xludf.dummyfunction("""COMPUTED_VALUE"""),"NHÓM 5") -> NHÓM 5 | U95: =IFERROR(__xludf.dummyfunction("IF(B95="""","""",""Zone ""&IFERROR(VALUE(REGEXEXTRACT(TRIM(B95),""\d+"")),REGEXEXTRACT(TRIM(B95),""\d+"")))"),"Zone 2") -> Zone 2
A96: 46134.707 | B96: Zone 5 | C96: Team 1 | D96: Team 4 | E96: Vinfast car selling ai consultant | F96: 15 | G96: 20 | H96: 16 | I96: 12 | J96: 8 | L96: 5 | M96: Use case cụ thể, có thiết kế hạ tầng | N96: deployment, chưa có nội dung về nếu dữ liệu mới vào thì làm sao biết dữ liệu nào là dữ liệu mới, vector database sẽ update lại hoàn toàn hay thêm dữ liệu mới vào thôi | O96: về cập nhập dữ liệu thời gian thực thì nếu dữ liệu mới vào thì làm sao mà phân tích giá mới giá cũ, lưu vào vector database thì ghi đè hay ghi mới. | Q96: Best Enterprise Logic, Best Cost Thinking, Best Reliability Mindset, Best Track Recommendation, Best Critical Feedback | R96: =IF(A96="","",F96+G96+H96+I96+J96+L96) -> 76 | S96: =IFERROR(__xludf.dummyfunction("""COMPUTED_VALUE"""),"NHÓM 4") -> NHÓM 4 | T96: =IFERROR(__xludf.dummyfunction("""COMPUTED_VALUE"""),"NHÓM 1") -> NHÓM 1 | U96: =IFERROR(__xludf.dummyfunction("IF(B96="""","""",""Zone ""&IFERROR(VALUE(REGEXEXTRACT(TRIM(B96),""\d+"")),REGEXEXTRACT(TRIM(B96),""\d+"")))"),"Zone 5") -> Zone 5
A97: 46134.707 | B97: Zone 5 | C97: Nhóm 5 | D97: Nhóm 4 | E97: Chatbot tư vấn cho Vinfast | F97: 6 | G97: 8 | H97: 8 | I97: 6 | J97: 4 | L97: 3 | M97: Trinh bày rõ về bài toán của doanh nghiệp | N97: cost | O97: ROI như thế nào | Q97: Best Enterprise Logic | R97: =IF(A97="","",F97+G97+H97+I97+J97+L97) -> 35 | S97: =IFERROR(__xludf.dummyfunction("""COMPUTED_VALUE"""),"NHÓM 4") -> NHÓM 4 | T97: =IFERROR(__xludf.dummyfunction("""COMPUTED_VALUE"""),"NHÓM 5") -> NHÓM 5 | U97: =IFERROR(__xludf.dummyfunction("IF(B97="""","""",""Zone ""&IFERROR(VALUE(REGEXEXTRACT(TRIM(B97),""\d+"")),REGEXEXTRACT(TRIM(B97),""\d+"")))"),"Zone 5") -> Zone 5
A98: 46134.707 | B98: 5 | C98: 26 | D98: 27 | E98: VinFast Car Selling AI Consultant | F98: 12 | G98: 12 | H98: 0 | I98: 15 | J98: 8 | L98: 5 | M98: Cơ chế chịu tải | N98: Chưa có cost analysis | O98: Mặc dù chưa đưa ra product nhưng nên có cost analysis | R98: =IF(A98="","",F98+G98+H98+I98+J98+L98) -> 52 | S98: =IFERROR(__xludf.dummyfunction("""COMPUTED_VALUE"""),"NHÓM 3") -> NHÓM 3 | T98: =IFERROR(__xludf.dummyfunction("""COMPUTED_VALUE"""),"NHÓM 2") -> NHÓM 2 | U98: =IFERROR(__xludf.dummyfunction("IF(B98="""","""",""Zone ""&IFERROR(VALUE(REGEXEXTRACT(TRIM(B98),""\d+"")),REGEXEXTRACT(TRIM(B98),""\d+"")))"),"Zone 5") -> Zone 5
A99: 46134.707 | B99: Zone 5 | C99: Nhóm 2 | D99: Nhóm 4 | E99: Chatbot hỗ trợ tư vấn bán xe | F99: 12 | G99: 20 | H99: 16 | I99: 12 | J99: 8 | L99: 5 | M99: Chiến lược tối ưu hóa chi phí tốt, dùng bộ nhớ đệm để tiết kiệm chi phí llm | N99: Làm sao để quản lý Realtime tồn kho | O99: Liệu khi khách ưng xe mà muốn đến showroom thì sẽ phân chia cho ai là người đón khách | Q99: Best Enterprise Logic, Best Critical Feedback | R99: =IF(A99="","",F99+G99+H99+I99+J99+L99) -> 73 | S99: =IFERROR(__xludf.dummyfunction("""COMPUTED_VALUE"""),"NHÓM 4") -> NHÓM 4 | T99: =IFERROR(__xludf.dummyfunction("""COMPUTED_VALUE"""),"NHÓM 2") -> NHÓM 2 | U99: =IFERROR(__xludf.dummyfunction("IF(B99="""","""",""Zone ""&IFERROR(VALUE(REGEXEXTRACT(TRIM(B99),""\d+"")),REGEXEXTRACT(TRIM(B99),""\d+"")))"),"Zone 5") -> Zone 5
A100: 46134.708 | B100: Zone 3 | C100: Nhóm 4 | D100: Nhóm 3 | E100: Hospital Support Assistant | F100: 12 | G100: 16 | H100: 16 | I100: 12 | J100: 8 | L100: 5 | M100: Có kiến trúc chi tiết | N100: Slide chữ hơi nhỏ | O100: Phân quyền tương tác chatbot như thế nào, tạo ra các chatbot khác nhau hay là một và cho nó tự nhận diện | Q100: Best Enterprise Logic | R100: =IF(A100="","",F100+G100+H100+I100+J100+L100) -> 69 | S100: =IFERROR(__xludf.dummyfunction("""COMPUTED_VALUE"""),"NHÓM 3") -> NHÓM 3 | T100: =IFERROR(__xludf.dummyfunction("""COMPUTED_VALUE"""),"NHÓM 4") -> NHÓM 4 | U100: =IFERROR(__xludf.dummyfunction("IF(B100="""","""",""Zone ""&IFERROR(VALUE(REGEXEXTRACT(TRIM(B100),""\d+"")),REGEXEXTRACT(TRIM(B100),""\d+"")))"),"Zone 3") -> Zone 3
...

Sheet Ketqua
A1: Ten_nhom | B1: Zone | C1: So_phieu | D1: Diem_TB | E1: Bonus | F1: Diem_cuoi | G1: Xep_hang | I1: Zone | J1: Doi_dan_dau | K1: Diem_cao_nhat
A2: =IFERROR(__xludf.dummyfunction("IFERROR(SORT(UNIQUE(FILTER(#REF!,#REF!<>""""))),)"),"") | B2: {=IF(A2="","",IFERROR(INDEX('Form Responses 1'!U:U,MATCH(A2,#REF!,0)),"Chưa có"))} | C2: =IF(A2="","",COUNTIF(#REF!,A2)) | D2: =IF(A2="","",COUNTIF(#REF!,A2)) | E2: =IF(A2="","",0) | F2: =IF(A2="","",ROUND(D2+E2,1)) | G2: =IF(F2="","",RANK(F2,$F$2:$F$50,0)) | I2: =IFERROR(__xludf.dummyfunction("IFERROR(SORT(UNIQUE(FILTER('Form Responses 1'!U2:U1057,'Form Responses 1'!U2:U1057<>""""))),)"),"Zone 1") -> Zone 1 | J2: =IF(I2="","",IFERROR(INDEX($A$2:$A$50,MATCH(_xludf.maxifs($D$2:$D$50,$B$2:$B$50,I2),$D$2:$D$50,0)),"Chưa có phiếu")) -> Chưa có phiếu | K2: =IF(I2="","",IFERROR(_xludf.maxifs($D$2:$D$50,$B$2:$B$50,I2),0)) -> 0
B3: {=IF(A3="","",IFERROR(INDEX('Form Responses 1'!U:U,MATCH(A3,#REF!,0)),"Chưa có"))} | C3: =IF(A3="","",COUNTIF(#REF!,A3)) | D3: =IF(A3="","",COUNTIF(#REF!,A3)) | E3: =IF(A3="","",0) | F3: =IF(A3="","",ROUND(D3+E3,1)) | G3: =IF(F3="","",RANK(F3,$F$2:$F$50,0)) | I3: =IFERROR(__xludf.dummyfunction("""COMPUTED_VALUE"""),"Zone 2") -> Zone 2 | J3: =IF(I3="","",IFERROR(INDEX($A$2:$A$50,MATCH(_xludf.maxifs($D$2:$D$50,$B$2:$B$50,I3),$D$2:$D$50,0)),"Chưa có phiếu")) -> Chưa có phiếu | K3: =IF(I3="","",IFERROR(_xludf.maxifs($D$2:$D$50,$B$2:$B$50,I3),0)) -> 0
B4: {=IF(A4="","",IFERROR(INDEX('Form Responses 1'!U:U,MATCH(A4,#REF!,0)),"Chưa có"))} | C4: =IF(A4="","",COUNTIF(#REF!,A4)) | D4: =IF(A4="","",COUNTIF(#REF!,A4)) | E4: =IF(A4="","",0) | F4: =IF(A4="","",ROUND(D4+E4,1)) | G4: =IF(F4="","",RANK(F4,$F$2:$F$50,0)) | I4: =IFERROR(__xludf.dummyfunction("""COMPUTED_VALUE"""),"Zone 3") -> Zone 3 | J4: =IF(I4="","",IFERROR(INDEX($A$2:$A$50,MATCH(_xludf.maxifs($D$2:$D$50,$B$2:$B$50,I4),$D$2:$D$50,0)),"Chưa có phiếu")) -> Chưa có phiếu | K4: =IF(I4="","",IFERROR(_xludf.maxifs($D$2:$D$50,$B$2:$B$50,I4),0)) -> 0
B5: {=IF(A5="","",IFERROR(INDEX('Form Responses 1'!U:U,MATCH(A5,#REF!,0)),"Chưa có"))} | C5: =IF(A5="","",COUNTIF(#REF!,A5)) | D5: =IF(A5="","",COUNTIF(#REF!,A5)) | E5: =IF(A5="","",0) | F5: =IF(A5="","",ROUND(D5+E5,1)) | G5: =IF(F5="","",RANK(F5,$F$2:$F$50,0)) | I5: =IFERROR(__xludf.dummyfunction("""COMPUTED_VALUE"""),"Zone 4") -> Zone 4 | J5: =IF(I5="","",IFERROR(INDEX($A$2:$A$50,MATCH(_xludf.maxifs($D$2:$D$50,$B$2:$B$50,I5),$D$2:$D$50,0)),"Chưa có phiếu")) -> Chưa có phiếu | K5: =IF(I5="","",IFERROR(_xludf.maxifs($D$2:$D$50,$B$2:$B$50,I5),0)) -> 0
B6: {=IF(A6="","",IFERROR(INDEX('Form Responses 1'!U:U,MATCH(A6,#REF!,0)),"Chưa có"))} | C6: =IF(A6="","",COUNTIF(#REF!,A6)) | D6: =IF(A6="","",COUNTIF(#REF!,A6)) | E6: =IF(A6="","",0) | F6: =IF(A6="","",ROUND(D6+E6,1)) | G6: =IF(F6="","",RANK(F6,$F$2:$F$50,0)) | I6: =IFERROR(__xludf.dummyfunction("""COMPUTED_VALUE"""),"Zone 5") -> Zone 5 | J6: =IF(I6="","",IFERROR(INDEX($A$2:$A$50,MATCH(_xludf.maxifs($D$2:$D$50,$B$2:$B$50,I6),$D$2:$D$50,0)),"Chưa có phiếu")) -> Chưa có phiếu | K6: =IF(I6="","",IFERROR(_xludf.maxifs($D$2:$D$50,$B$2:$B$50,I6),0)) -> 0
B7: {=IF(A7="","",IFERROR(INDEX('Form Responses 1'!U:U,MATCH(A7,#REF!,0)),"Chưa có"))} | C7: =IF(A7="","",COUNTIF(#REF!,A7)) | D7: =IF(A7="","",COUNTIF(#REF!,A7)) | E7: =IF(A7="","",0) | F7: =IF(A7="","",ROUND(D7+E7,1)) | G7: =IF(F7="","",RANK(F7,$F$2:$F$50,0)) | I7: =IFERROR(__xludf.dummyfunction("""COMPUTED_VALUE"""),"Zone 6") -> Zone 6 | J7: =IF(I7="","",IFERROR(INDEX($A$2:$A$50,MATCH(_xludf.maxifs($D$2:$D$50,$B$2:$B$50,I7),$D$2:$D$50,0)),"Chưa có phiếu")) -> Chưa có phiếu | K7: =IF(I7="","",IFERROR(_xludf.maxifs($D$2:$D$50,$B$2:$B$50,I7),0)) -> 0
B8: {=IF(A8="","",IFERROR(INDEX('Form Responses 1'!U:U,MATCH(A8,#REF!,0)),"Chưa có"))} | C8: =IF(A8="","",COUNTIF(#REF!,A8)) | D8: =IF(A8="","",COUNTIF(#REF!,A8)) | E8: =IF(A8="","",0) | F8: =IF(A8="","",ROUND(D8+E8,1)) | G8: =IF(F8="","",RANK(F8,$F$2:$F$50,0)) | J8: =IF(I8="","",IFERROR(INDEX($A$2:$A$50,MATCH(_xludf.maxifs($D$2:$D$50,$B$2:$B$50,I8),$D$2:$D$50,0)),"Chưa có phiếu")) | K8: =IF(I8="","",IFERROR(_xludf.maxifs($D$2:$D$50,$B$2:$B$50,I8),0))
B9: {=IF(A9="","",IFERROR(INDEX('Form Responses 1'!U:U,MATCH(A9,#REF!,0)),"Chưa có"))} | C9: =IF(A9="","",COUNTIF(#REF!,A9)) | D9: =IF(A9="","",COUNTIF(#REF!,A9)) | E9: =IF(A9="","",0) | F9: =IF(A9="","",ROUND(D9+E9,1)) | G9: =IF(F9="","",RANK(F9,$F$2:$F$50,0))
B10: {=IF(A10="","",IFERROR(INDEX('Form Responses 1'!U:U,MATCH(A10,#REF!,0)),"Chưa có"))} | C10: =IF(A10="","",COUNTIF(#REF!,A10)) | D10: =IF(A10="","",COUNTIF(#REF!,A10)) | E10: =IF(A10="","",0) | F10: =IF(A10="","",ROUND(D10+E10,1)) | G10: =IF(F10="","",RANK(F10,$F$2:$F$50,0))
B11: {=IF(A11="","",IFERROR(INDEX('Form Responses 1'!U:U,MATCH(A11,#REF!,0)),"Chưa có"))} | C11: =IF(A11="","",COUNTIF(#REF!,A11)) | D11: =IF(A11="","",COUNTIF(#REF!,A11)) | E11: =IF(A11="","",0) | F11: =IF(A11="","",ROUND(D11+E11,1)) | G11: =IF(F11="","",RANK(F11,$F$2:$F$50,0))
B12: {=IF(A12="","",IFERROR(INDEX('Form Responses 1'!U:U,MATCH(A12,#REF!,0)),"Chưa có"))} | C12: =IF(A12="","",COUNTIF(#REF!,A12)) | D12: =IF(A12="","",COUNTIF(#REF!,A12)) | E12: =IF(A12="","",0) | F12: =IF(A12="","",ROUND(D12+E12,1)) | G12: =IF(F12="","",RANK(F12,$F$2:$F$50,0))
B13: {=IF(A13="","",IFERROR(INDEX('Form Responses 1'!U:U,MATCH(A13,#REF!,0)),"Chưa có"))} | C13: =IF(A13="","",COUNTIF(#REF!,A13)) | D13: =IF(A13="","",COUNTIF(#REF!,A13)) | E13: =IF(A13="","",0) | F13: =IF(A13="","",ROUND(D13+E13,1)) | G13: =IF(F13="","",RANK(F13,$F$2:$F$50,0))
B14: {=IF(A14="","",IFERROR(INDEX('Form Responses 1'!U:U,MATCH(A14,#REF!,0)),"Chưa có"))} | C14: =IF(A14="","",COUNTIF(#REF!,A14)) | D14: =IF(A14="","",COUNTIF(#REF!,A14)) | E14: =IF(A14="","",0) | F14: =IF(A14="","",ROUND(D14+E14,1)) | G14: =IF(F14="","",RANK(F14,$F$2:$F$50,0))
B15: {=IF(A15="","",IFERROR(INDEX('Form Responses 1'!U:U,MATCH(A15,#REF!,0)),"Chưa có"))} | C15: =IF(A15="","",COUNTIF(#REF!,A15)) | D15: =IF(A15="","",COUNTIF(#REF!,A15)) | E15: =IF(A15="","",0) | F15: =IF(A15="","",ROUND(D15+E15,1)) | G15: =IF(F15="","",RANK(F15,$F$2:$F$50,0))
B16: {=IF(A16="","",IFERROR(INDEX('Form Responses 1'!U:U,MATCH(A16,#REF!,0)),"Chưa có"))} | C16: =IF(A16="","",COUNTIF(#REF!,A16)) | D16: =IF(A16="","",COUNTIF(#REF!,A16)) | E16: =IF(A16="","",0) | F16: =IF(A16="","",ROUND(D16+E16,1)) | G16: =IF(F16="","",RANK(F16,$F$2:$F$50,0))
B17: {=IF(A17="","",IFERROR(INDEX('Form Responses 1'!U:U,MATCH(A17,#REF!,0)),"Chưa có"))} | C17: =IF(A17="","",COUNTIF(#REF!,A17)) | D17: =IF(A17="","",COUNTIF(#REF!,A17)) | E17: =IF(A17="","",0) | F17: =IF(A17="","",ROUND(D17+E17,1)) | G17: =IF(F17="","",RANK(F17,$F$2:$F$50,0))
B18: {=IF(A18="","",IFERROR(INDEX('Form Responses 1'!U:U,MATCH(A18,#REF!,0)),"Chưa có"))} | C18: =IF(A18="","",COUNTIF(#REF!,A18)) | D18: =IF(A18="","",COUNTIF(#REF!,A18)) | E18: =IF(A18="","",0) | F18: =IF(A18="","",ROUND(D18+E18,1)) | G18: =IF(F18="","",RANK(F18,$F$2:$F$50,0))
B19: {=IF(A19="","",IFERROR(INDEX('Form Responses 1'!U:U,MATCH(A19,#REF!,0)),"Chưa có"))} | C19: =IF(A19="","",COUNTIF(#REF!,A19)) | D19: =IF(A19="","",COUNTIF(#REF!,A19)) | E19: =IF(A19="","",0) | F19: =IF(A19="","",ROUND(D19+E19,1)) | G19: =IF(F19="","",RANK(F19,$F$2:$F$50,0))
B20: {=IF(A20="","",IFERROR(INDEX('Form Responses 1'!U:U,MATCH(A20,#REF!,0)),"Chưa có"))} | C20: =IF(A20="","",COUNTIF(#REF!,A20)) | D20: =IF(A20="","",COUNTIF(#REF!,A20)) | E20: =IF(A20="","",0) | F20: =IF(A20="","",ROUND(D20+E20,1)) | G20: =IF(F20="","",RANK(F20,$F$2:$F$50,0))
... B41: {=IF(A41="","",IFERROR(INDEX('Form Responses 1'!U:U,MATCH(A41,#REF!,0)),"Chưa có"))} | C41: =IF(A41="","",COUNTIF(#REF!,A41)) | D41: =IF(A41="","",COUNTIF(#REF!,A41)) | E41: =IF(A41="","",0) | F41: =IF(A41="","",ROUND(D41+E41,1)) | G41: =IF(F41="","",RANK(F41,$F$2:$F$50,0))
